Date,Open,High,Low,Close,Adj Close,Volume
,BTC-USD,BTC-USD,BTC-USD,BTC-USD,BTC-USD,BTC-USD
2020-01-01,7194.9,7254.3,7174.9,7200.2,7200.2,18565664997
2020-01-02,7202.6,7212.2,6935.3,6985.5,6985.5,20802083465
2020-01-03,6984.4,7413.7,6915.0,7344.9,7344.9,28111481032
2020-01-04,7345.4,7427.4,7309.5,7410.7,7410.7,18444271275
2020-01-05,7410.5,7544.5,7400.5,7411.3,7411.3,19725074095
2020-01-06,7410.5,7781.9,7409.3,7769.2,7769.2,23276261598
2020-01-07,7768.7,8178.2,7768.2,8163.7,8163.7,28767291327
2020-01-08,8161.9,8396.7,7956.8,8079.9,8079.9,31672559265
2020-01-09,8082.3,8082.3,7842.4,7879.1,7879.1,24045990466
2020-01-10,7878.3,8166.6,7726.8,8166.6,8166.6,28714583844
2020-01-11,8162.2,8218.4,8029.6,8037.5,8037.5,25521165085
2020-01-12,8033.3,8200.1,8009.1,8192.5,8192.5,22903438381
2020-01-13,8189.8,8197.8,8079.7,8144.2,8144.2,22482910688
2020-01-14,8140.9,8879.5,8140.9,8827.8,8827.8,44841784107
2020-01-15,8825.3,8890.1,8657.2,8807.0,8807.0,40102834650
2020-01-16,8812.5,8846.5,8612.1,8723.8,8723.8,31313981931
2020-01-17,8725.2,8958.1,8677.3,8929.0,8929.0,36372139320
2020-01-18,8927.2,9012.2,8827.3,8942.8,8942.8,32337772627
2020-01-19,8941.4,9164.4,8620.1,8706.2,8706.2,34217320471
2020-01-20,8704.6,8745.6,8560.5,8657.6,8657.6,26422375678
2020-01-21,8659.0,8755.7,8544.5,8745.9,8745.9,24097418512
2020-01-22,8744.2,8793.0,8636.7,8680.9,8680.9,22600204051
2020-01-23,8680.7,8687.7,8333.6,8406.5,8406.5,25770680779
2020-01-24,8405.6,8514.7,8266.8,8445.4,8445.4,24397913026
2020-01-25,8440.1,8458.5,8296.2,8367.8,8367.8,19647331549
2020-01-26,8364.4,8602.4,8325.5,8596.8,8596.8,22177678796
2020-01-27,8597.3,8977.7,8597.3,8909.8,8909.8,28647338393
2020-01-28,8912.5,9358.6,8908.4,9358.6,9358.6,34398744403
2020-01-29,9357.5,9406.4,9269.5,9316.6,9316.6,30682598115
2020-01-30,9316.0,9553.1,9230.9,9509.0,9509.0,32378792851
2020-01-31,9508.3,9521.7,9230.8,9350.5,9350.5,29432489719
2020-02-01,9346.4,9439.3,9313.2,9392.9,9392.9,25922656496
2020-02-02,9389.8,9468.8,9217.8,9344.4,9344.4,30835736946
2020-02-03,9344.7,9540.4,9248.6,9293.5,9293.5,30934096509
2020-02-04,9292.8,9331.3,9112.8,9181.0,9181.0,29893183716
2020-02-05,9183.4,9701.3,9163.7,9613.4,9613.4,35222060874
2020-02-06,9617.8,9824.6,9539.8,9729.8,9729.8,37628823716
2020-02-07,9726.0,9834.7,9726.0,9795.9,9795.9,34522718159
2020-02-08,9793.1,9876.7,9678.9,9865.1,9865.1,35172043762
2020-02-09,9863.9,10129.4,9850.4,10116.7,10116.7,35807884663
2020-02-10,10115.6,10165.8,9784.6,9856.6,9856.6,39386548075
2020-02-11,9855.9,10210.1,9729.3,10208.2,10208.2,37648059389
2020-02-12,10202.4,10393.6,10202.4,10326.1,10326.1,43444303830
2020-02-13,10324.0,10457.6,10116.2,10214.4,10214.4,49356071373
2020-02-14,10211.6,10322.0,10125.5,10312.1,10312.1,43338264162
2020-02-15,10313.9,10341.6,9874.4,9889.4,9889.4,43865054831
2020-02-16,9889.2,10054.0,9722.4,9934.4,9934.4,43374780305
2020-02-17,9936.6,9938.8,9507.6,9690.1,9690.1,45998298413
2020-02-18,9691.2,10161.9,9632.4,10142.0,10142.0,47271023953
2020-02-19,10143.8,10191.7,9611.2,9633.4,9633.4,46992019710
2020-02-20,9629.3,9643.2,9507.9,9608.5,9608.5,44925260237
2020-02-21,9611.8,9723.0,9589.7,9686.4,9686.4,40930547513
2020-02-22,9687.7,9698.2,9600.7,9663.2,9663.2,35838025154
2020-02-23,9663.3,9937.4,9657.8,9924.5,9924.5,41185185761
2020-02-24,9921.6,9951.7,9537.0,9650.2,9650.2,45080496648
2020-02-25,9651.3,9652.7,9305.0,9341.7,9341.7,42515259129
2020-02-26,9338.3,9354.8,8704.4,8820.5,8820.5,50420050762
2020-02-27,8825.1,8932.9,8577.2,8784.5,8784.5,45470195695
2020-02-28,8788.7,8890.5,8492.9,8672.5,8672.5,44605450443
2020-02-29,8671.2,8775.6,8599.5,8599.5,8599.5,35792392544
2020-03-01,8599.8,8726.8,8471.2,8562.5,8562.5,35349164300
2020-03-02,8563.3,8921.3,8532.6,8869.7,8869.7,42857674409
2020-03-03,8865.4,8901.6,8705.0,8787.8,8787.8,42386715821
2020-03-04,8788.5,8843.4,8712.4,8755.2,8755.2,34746706368
2020-03-05,8760.3,9142.1,8757.3,9078.8,9078.8,39698054597
2020-03-06,9078.3,9167.7,9032.1,9122.5,9122.5,40826885651
2020-03-07,9121.6,9163.2,8890.7,8910.0,8910.0,36216930370
2020-03-08,8908.2,8914.3,8105.3,8108.1,8108.1,39973102121
2020-03-09,8111.1,8177.8,7690.1,7923.6,7923.6,46936995808
2020-03-10,7922.1,8136.9,7814.8,7909.7,7909.7,42213940994
2020-03-11,7910.1,7950.8,7642.8,7911.4,7911.4,38682762605
2020-03-12,7913.6,7929.1,4860.4,4970.8,4970.8,53980357243
2020-03-13,5017.8,5838.1,4107.0,5563.7,5563.7,74156772075
2020-03-14,5573.1,5625.2,5125.1,5200.4,5200.4,36154506008
2020-03-15,5201.1,5836.6,5169.3,5392.3,5392.3,33997889639
2020-03-16,5385.2,5385.2,4575.4,5014.5,5014.5,45368026430
2020-03-17,5002.6,5371.3,4981.9,5225.6,5225.6,38622642935
2020-03-18,5227.1,5331.8,5069.3,5238.4,5238.4,37878801016
2020-03-19,5245.4,6329.7,5237.0,6191.2,6191.2,51000731797
2020-03-20,6191.7,6844.3,5865.8,6198.8,6198.8,54442976103
2020-03-21,6206.5,6378.1,5932.8,6185.1,6185.1,42494390880
2020-03-22,6185.6,6359.7,5823.7,5830.3,5830.3,40099664740
2020-03-23,5831.4,6443.9,5785.0,6416.3,6416.3,46491916000
2020-03-24,6436.6,6789.0,6411.1,6734.8,6734.8,48221910672
2020-03-25,6738.7,6892.5,6536.9,6681.1,6681.1,44590107888
2020-03-26,6675.2,6735.5,6591.0,6716.4,6716.4,35319797642
2020-03-27,6719.4,6793.8,6466.7,6469.8,6469.8,34585598367
2020-03-28,6467.3,6467.5,6117.8,6242.2,6242.2,34885225901
2020-03-29,6245.6,6250.5,5920.1,5922.0,5922.0,28373690931
2020-03-30,5925.5,6517.2,5903.2,6429.8,6429.8,37101651525
2020-03-31,6430.6,6504.5,6374.2,6438.6,6438.6,32786468812
2020-04-01,6437.3,6612.6,6202.4,6606.8,6606.8,40346426266
2020-04-02,6606.8,7088.2,6595.9,6793.6,6793.6,47660646124
2020-04-03,6797.4,7003.2,6673.3,6733.4,6733.4,38976504903
2020-04-04,6738.4,6879.0,6696.5,6867.5,6867.5,33185988584
2020-04-05,6862.5,6883.4,6715.9,6791.1,6791.1,29510409856
2020-04-06,6788.0,7271.8,6782.9,7271.8,7271.8,46896904615
2020-04-07,7273.6,7427.9,7136.7,7176.4,7176.4,44243482668
2020-04-08,7179.3,7356.2,7153.3,7334.1,7334.1,37563249549
2020-04-09,7338.0,7341.4,7179.1,7302.1,7302.1,34815139178
2020-04-10,7303.8,7303.8,6802.5,6865.5,6865.5,43622840992
2020-04-11,6867.4,6926.1,6789.9,6859.1,6859.1,31222085946
2020-04-12,6858.1,7119.9,6811.1,6971.1,6971.1,35759567632
2020-04-13,6965.6,6965.6,6668.3,6845.0,6845.0,38619308647
2020-04-14,6843.3,6958.6,6793.8,6842.4,6842.4,34110434052
2020-04-15,6845.6,6928.7,6633.4,6642.1,6642.1,32288311031
2020-04-16,6640.5,7134.5,6555.5,7116.8,7116.8,46783242377
2020-04-17,7116.6,7167.2,7050.3,7096.2,7096.2,32513423567
2020-04-18,7092.3,7270.0,7089.2,7257.7,7257.7,32447188386
2020-04-19,7260.9,7280.5,7167.1,7189.4,7189.4,31311210215
2020-04-20,7186.9,7240.3,6835.5,6882.0,6882.0,37747113936
2020-04-21,6879.8,6934.6,6834.4,6880.3,6880.3,32589741511
2020-04-22,6879.4,7145.9,6867.8,7117.2,7117.2,33249153866
2020-04-23,7121.3,7491.8,7081.6,7429.7,7429.7,43500782316
2020-04-24,7434.2,7574.2,7434.2,7550.9,7550.9,34636526286
2020-04-25,7550.5,7641.4,7521.7,7569.9,7569.9,32941541447
2020-04-26,7570.1,7700.6,7561.4,7679.9,7679.9,33070154491
2020-04-27,7679.4,7795.6,7679.4,7795.6,7795.6,36162144725
2020-04-28,7797.0,7814.5,7730.8,7807.1,7807.1,33187959921
2020-04-29,7806.7,8871.8,7786.0,8801.0,8801.0,60201052203
2020-04-30,8797.7,9440.7,8533.3,8658.6,8658.6,66964629541
2020-05-01,8672.8,9048.0,8667.8,8864.8,8864.8,44068389997
2020-05-02,8869.1,9007.2,8811.4,8988.6,8988.6,40134388683
2020-05-03,8983.6,9167.8,8831.0,8897.5,8897.5,47101785174
2020-05-04,8895.7,8956.9,8645.0,8912.7,8912.7,45718796276
2020-05-05,8912.8,9062.4,8856.8,9003.1,9003.1,43148462663
2020-05-06,9007.4,9411.5,8966.7,9268.8,9268.8,49371886931
2020-05-07,9261.9,9992.7,9138.3,9951.5,9951.5,61112700562
2020-05-08,9936.2,9996.7,9767.2,9842.7,9842.7,51780748042
2020-05-09,9840.9,9913.9,9580.6,9593.9,9593.9,46566121841
2020-05-10,9591.2,9595.6,8395.1,8756.4,8756.4,63325279337
2020-05-11,8755.5,9033.5,8374.3,8601.8,8601.8,57119858802
2020-05-12,8610.4,8949.9,8569.6,8804.5,8804.5,42142717533
2020-05-13,8805.4,9317.9,8805.4,9270.0,9270.0,45558144023
2020-05-14,9271.3,9793.3,9255.0,9733.7,9733.7,56426907637
2020-05-15,9734.3,9755.8,9261.4,9328.2,9328.2,48158802327
2020-05-16,9333.2,9564.2,9260.7,9377.0,9377.0,36164766408
2020-05-17,9374.9,9823.0,9349.5,9670.7,9670.7,40084250663
2020-05-18,9675.7,9906.0,9570.4,9726.6,9726.6,41827139896
2020-05-19,9727.1,9836.0,9539.6,9729.0,9729.0,39254288955
2020-05-20,9725.3,9804.8,9447.2,9523.0,9523.0,36546239703
2020-05-21,9522.7,9555.2,8869.9,9081.8,9081.8,39326160532
2020-05-22,9080.3,9232.9,9008.6,9182.6,9182.6,29810773699
2020-05-23,9185.1,9302.5,9118.1,9209.3,9209.3,27727866812
2020-05-24,9212.3,9288.4,8787.3,8790.4,8790.4,32518803300
2020-05-25,8786.1,8951.0,8719.7,8906.9,8906.9,31288157264
2020-05-26,8909.6,8992.0,8757.3,8835.1,8835.1,29584186947
2020-05-27,8837.4,9203.3,8834.2,9181.0,9181.0,32740536902
2020-05-28,9184.9,9546.3,9148.5,9525.8,9525.8,34367073114
2020-05-29,9528.4,9573.7,9379.3,9439.1,9439.1,32896642044
2020-05-30,9438.9,9704.0,9366.7,9700.4,9700.4,32722975141
2020-05-31,9700.1,9700.3,9432.3,9461.1,9461.1,27773290299
2020-06-01,9463.6,10199.6,9450.9,10167.3,10167.3,35198901068
2020-06-02,10163.0,10182.3,9460.6,9529.8,9529.8,39137252109
2020-06-03,9533.8,9682.9,9471.8,9656.7,9656.7,25007459262
2020-06-04,9655.9,9887.6,9525.2,9800.6,9800.6,25921805072
2020-06-05,9800.2,9869.2,9663.2,9665.5,9665.5,23509628646
2020-06-06,9664.9,9773.4,9591.0,9653.7,9653.7,20438419222
2020-06-07,9653.0,9768.5,9458.2,9758.9,9758.9,25015250846
2020-06-08,9760.1,9782.3,9675.9,9771.5,9771.5,21486346312
2020-06-09,9774.4,9836.4,9664.7,9795.7,9795.7,23717842783
2020-06-10,9794.1,9908.9,9728.3,9870.1,9870.1,25706567601
2020-06-11,9870.1,9938.3,9263.1,9321.8,9321.8,30247143440
2020-06-12,9320.7,9540.5,9285.9,9480.8,9480.8,22610564515
2020-06-13,9480.7,9493.2,9396.0,9475.3,9475.3,17564322315
2020-06-14,9477.6,9482.3,9347.6,9386.8,9386.8,18991732746
2020-06-15,9386.0,9504.9,8990.2,9450.7,9450.7,26699704768
2020-06-16,9454.3,9579.4,9400.4,9538.0,9538.0,21565537209
2020-06-17,9533.8,9540.4,9327.3,9480.3,9480.3,20177709879
2020-06-18,9481.6,9482.8,9328.4,9411.8,9411.8,17770083003
2020-06-19,9410.3,9440.9,9274.3,9288.0,9288.0,19632223107
2020-06-20,9291.0,9395.0,9247.4,9332.3,9332.3,17130541557
2020-06-21,9330.9,9401.1,9300.4,9303.6,9303.6,15324301169
2020-06-22,9300.9,9655.1,9296.9,9648.7,9648.7,21104009514
2020-06-23,9644.1,9670.5,9547.2,9629.7,9629.7,17006433272
2020-06-24,9632.1,9680.4,9278.2,9313.6,9313.6,18961716076
2020-06-25,9314.1,9340.2,9095.3,9264.8,9264.8,18616048626
2020-06-26,9261.0,9310.5,9101.7,9162.9,9162.9,18341465837
2020-06-27,9167.8,9207.8,8998.2,9045.4,9045.4,17273093144
2020-06-28,9048.5,9197.5,8975.5,9143.6,9143.6,14560870760
2020-06-29,9140.0,9237.6,9041.9,9190.9,9190.9,16460547078
2020-06-30,9185.6,9217.8,9084.8,9138.0,9138.0,15735797744
2020-07-01,9146.0,9309.8,9104.7,9228.3,9228.3,15971550355
2020-07-02,9231.1,9275.0,9036.6,9123.4,9123.4,16338916796
2020-07-03,9124.8,9202.3,9058.8,9087.3,9087.3,13078970999
2020-07-04,9084.2,9183.3,9053.6,9132.5,9132.5,12290528515
2020-07-05,9126.1,9162.2,8977.0,9073.9,9073.9,12903406143
2020-07-06,9072.8,9375.5,9058.7,9375.5,9375.5,17889263252
2020-07-07,9349.2,9360.6,9201.8,9252.3,9252.3,13839652595
2020-07-08,9253.0,9450.3,9249.5,9428.3,9428.3,19702359883
2020-07-09,9428.0,9431.4,9235.0,9278.0,9278.0,18000702524
2020-07-10,9273.4,9287.5,9118.0,9278.8,9278.8,16860035605
2020-07-11,9277.5,9293.5,9199.5,9240.3,9240.3,13249910444
2020-07-12,9241.1,9319.4,9197.5,9276.5,9276.5,14452361907
2020-07-13,9277.2,9306.4,9224.3,9243.6,9243.6,17519821266
2020-07-14,9238.7,9283.8,9171.7,9243.2,9243.2,18085038362
2020-07-15,9241.9,9275.3,9171.9,9192.8,9192.8,15844731575
2020-07-16,9192.0,9214.3,9088.9,9132.2,9132.2,15713967523
2020-07-17,9131.8,9182.3,9089.2,9151.4,9151.4,13944570749
2020-07-18,9151.2,9231.0,9100.8,9159.0,9159.0,12252601475
2020-07-19,9158.0,9201.4,9097.6,9185.8,9185.8,12939002784
2020-07-20,9187.2,9214.3,9137.5,9164.2,9164.2,13755604146
2020-07-21,9162.5,9407.3,9149.4,9374.9,9374.9,18069581956
2020-07-22,9375.1,9530.5,9319.7,9525.4,9525.4,16532254884
2020-07-23,9527.1,9610.2,9483.0,9581.1,9581.1,18146399002
2020-07-24,9585.5,9623.3,9481.5,9536.9,9536.9,16552768325
2020-07-25,9539.5,9704.6,9530.2,9677.1,9677.1,16610070933
2020-07-26,9680.2,10023.8,9652.8,9905.2,9905.2,20507998997
2020-07-27,9905.2,11298.2,9904.0,10990.9,10990.9,35359749590
2020-07-28,11017.5,11204.3,10632.6,10912.8,10912.8,28766551142
2020-07-29,10913.0,11304.4,10856.1,11100.5,11100.5,24617249715
2020-07-30,11099.8,11169.4,10895.5,11111.2,11111.2,22857247901
2020-07-31,11110.2,11415.9,10987.1,11323.5,11323.5,23160469766
2020-08-01,11322.6,11794.8,11239.7,11759.6,11759.6,26075670303
2020-08-02,11758.8,12034.1,11018.1,11053.6,11053.6,27410067336
2020-08-03,11043.8,11453.1,11012.4,11246.3,11246.3,20271713443
2020-08-04,11246.2,11385.4,11094.1,11205.9,11205.9,21250197042
2020-08-05,11203.8,11786.6,11158.3,11747.0,11747.0,24411254471
2020-08-06,11749.9,11902.3,11598.7,11779.8,11779.8,23400740340
2020-08-07,11778.9,11898.0,11408.6,11601.5,11601.5,23132312867
2020-08-08,11604.6,11800.1,11558.4,11754.0,11754.0,17572057837
2020-08-09,11737.3,11806.1,11548.8,11675.7,11675.7,17489608833
2020-08-10,11662.3,12045.1,11662.3,11878.1,11878.1,26114112569
2020-08-11,11881.6,11932.7,11195.7,11410.5,11410.5,27039782640
2020-08-12,11404.6,11748.4,11249.6,11584.9,11584.9,25064548486
2020-08-13,11588.4,11796.4,11216.9,11784.1,11784.1,27522199497
2020-08-14,11772.7,12151.0,11685.5,11768.9,11768.9,24237958589
2020-08-15,11768.7,11963.2,11768.7,11865.7,11865.7,23354924400
2020-08-16,11866.7,11934.9,11737.2,11892.8,11892.8,20583375490
2020-08-17,11895.7,12359.1,11806.7,12254.4,12254.4,28227687027
2020-08-18,12251.9,12335.7,11954.5,11991.2,11991.2,26043227672
2020-08-19,11990.9,12028.9,11687.3,11758.3,11758.3,24502851117
2020-08-20,11761.5,11900.4,11710.1,11878.4,11878.4,20175242945
2020-08-21,11878.0,11899.3,11565.0,11592.5,11592.5,23762425999
2020-08-22,11585.5,11689.4,11448.8,11681.8,11681.8,20224191306
2020-08-23,11679.7,11713.4,11559.9,11664.8,11664.8,18482062658
2020-08-24,11663.7,11807.6,11623.2,11774.6,11774.6,20681511755
2020-08-25,11773.6,11778.3,11189.9,11366.1,11366.1,26301509932
2020-08-26,11366.9,11530.1,11297.0,11488.4,11488.4,22466660958
2020-08-27,11485.6,11570.8,11185.9,11323.4,11323.4,23240415076
2020-08-28,11325.3,11545.6,11316.4,11542.5,11542.5,19807127588
2020-08-29,11541.1,11585.6,11466.3,11506.9,11506.9,17485597759
2020-08-30,11508.7,11715.3,11492.4,11711.5,11711.5,19760127945
2020-08-31,11713.3,11768.9,11598.3,11680.8,11680.8,22285928250
2020-09-01,11679.3,12067.1,11601.1,11970.5,11970.5,27311555343
2020-09-02,11964.8,11964.8,11290.8,11414.0,11414.0,28037405299
2020-09-03,11407.2,11443.0,10182.5,10245.3,10245.3,31927261555
2020-09-04,10230.4,10663.9,10207.9,10511.8,10511.8,29965130374
2020-09-05,10512.5,10581.6,9946.7,10169.6,10169.6,44916565292
2020-09-06,10167.2,10353.9,10056.9,10280.4,10280.4,37071460174
2020-09-07,10281.0,10399.2,9916.5,10369.6,10369.6,33703098409
2020-09-08,10369.3,10414.8,9945.1,10131.5,10131.5,33430927462
2020-09-09,10134.2,10350.5,10017.3,10242.3,10242.3,24128292755
2020-09-10,10242.3,10503.9,10238.1,10363.1,10363.1,54406443211
2020-09-11,10369.0,10434.9,10140.8,10400.9,10400.9,45201121775
2020-09-12,10409.9,10578.8,10292.4,10442.2,10442.2,36750077324
2020-09-13,10452.4,10577.2,10224.3,10323.8,10323.8,36506852789
2020-09-14,10328.7,10800.0,10266.0,10680.8,10680.8,35453581940
2020-09-15,10677.8,10938.6,10656.5,10797.0,10797.0,32509451925
2020-09-16,10797.8,11100.1,10704.9,10974.9,10974.9,30769986455
2020-09-17,10973.3,11037.4,10774.6,10949.0,10949.0,38151810523
2020-09-18,10951.8,11034.9,10829.7,10944.6,10944.6,26341903912
2020-09-19,10933.8,11134.1,10909.6,11094.3,11094.3,22764204008
2020-09-20,11095.9,11095.9,10814.5,10938.3,10938.3,24699523788
2020-09-21,10934.9,10988.3,10380.3,10462.3,10462.3,28884999244
2020-09-22,10459.6,10568.1,10382.7,10538.5,10538.5,23621787804
2020-09-23,10535.5,10537.8,10197.9,10246.2,10246.2,23788661867
2020-09-24,10248.8,10771.1,10231.5,10760.1,10760.1,47144380902
2020-09-25,10761.1,10777.7,10578.9,10692.7,10692.7,39348590957
2020-09-26,10695.6,10773.0,10667.3,10750.7,10750.7,46852525493
2020-09-27,10746.9,10804.0,10622.9,10775.3,10775.3,53745972818
2020-09-28,10776.6,10945.3,10703.9,10709.7,10709.7,47762394731
2020-09-29,10709.7,10860.0,10649.5,10844.6,10844.6,46582396602
2020-09-30,10843.9,10847.3,10669.3,10784.5,10784.5,44171073700
2020-10-01,10795.3,10933.6,10472.4,10619.5,10619.5,40023134100
2020-10-02,10619.8,10657.8,10416.7,10576.0,10576.0,48661453918
2020-10-03,10575.1,10598.9,10511.1,10549.3,10549.3,44660271563
2020-10-04,10550.4,10686.0,10534.4,10669.6,10669.6,71251776995
2020-10-05,10676.5,10793.5,10634.6,10793.3,10793.3,47537578009
2020-10-06,10796.3,10797.6,10528.9,10604.4,10604.4,42623695307
2020-10-07,10603.4,10680.5,10562.5,10669.0,10669.0,37799458436
2020-10-08,10669.4,10945.7,10562.6,10915.7,10915.7,63314794397
2020-10-09,10927.9,11102.7,10846.9,11064.5,11064.5,22799117613
2020-10-10,11059.1,11442.2,11056.9,11296.4,11296.4,22877978588
2020-10-11,11296.1,11428.8,11288.6,11384.2,11384.2,19968627060
2020-10-12,11392.6,11698.5,11240.7,11555.4,11555.4,26163972642
2020-10-13,11548.7,11549.0,11321.2,11425.9,11425.9,24241420251
2020-10-14,11429.0,11540.0,11307.8,11429.5,11429.5,24103426719
2020-10-15,11426.6,11569.9,11303.6,11495.3,11495.3,24487233058
2020-10-16,11502.8,11540.1,11223.0,11322.1,11322.1,25635480772
2020-10-17,11322.1,11386.3,11285.3,11358.1,11358.1,19130430174
2020-10-18,11356.0,11483.4,11347.6,11483.4,11483.4,18283314340
2020-10-19,11495.0,11799.1,11408.3,11742.0,11742.0,23860769928
2020-10-20,11746.0,11999.9,11681.5,11916.3,11916.3,30915821592
2020-10-21,11913.1,13184.6,11900.9,12823.7,12823.7,43414712626
2020-10-22,12801.6,13161.6,12717.1,12965.9,12965.9,34729759598
2020-10-23,12971.5,13016.0,12752.6,12931.5,12931.5,28974975003
2020-10-24,12931.6,13145.1,12885.7,13108.1,13108.1,24542317940
2020-10-25,13108.1,13329.2,12910.1,13031.2,13031.2,24406920575
2020-10-26,13031.2,13225.3,12822.4,13075.2,13075.2,29461458313
2020-10-27,13075.2,13759.7,13060.8,13654.2,13654.2,33749878156
2020-10-28,13654.2,13837.7,12932.3,13271.3,13271.3,35867318895
2020-10-29,13271.3,13612.0,12980.1,13437.9,13437.9,56499499598
2020-10-30,13437.9,13651.5,13136.2,13546.5,13546.5,30581485201
2020-10-31,13546.5,14028.2,13457.5,13781.0,13781.0,30306464719
2020-11-01,13781.0,13862.0,13628.4,13737.1,13737.1,24453857900
2020-11-02,13737.0,13808.3,13243.2,13550.5,13550.5,30771455468
2020-11-03,13550.5,13985.0,13325.4,13950.3,13950.3,29869951617
2020-11-04,13950.5,14218.8,13580.5,14133.7,14133.7,35116364962
2020-11-05,14133.7,15706.4,14102.1,15579.8,15579.8,40856321439
2020-11-06,15579.7,15903.4,15226.8,15565.9,15565.9,39837841971
2020-11-07,15565.9,15737.1,14423.2,14833.8,14833.8,35024953706
2020-11-08,14833.8,15637.3,14744.1,15479.6,15479.6,26632075029
2020-11-09,15479.6,15785.1,14865.5,15332.3,15332.3,34149115566
2020-11-10,15332.4,15450.3,15125.0,15290.9,15290.9,25574938143
2020-11-11,15290.9,15916.3,15290.0,15701.3,15701.3,29772374934
2020-11-12,15701.3,16305.0,15534.8,16276.3,16276.3,34175758344
2020-11-13,16276.4,16463.2,15992.2,16317.8,16317.8,31599492172
2020-11-14,16317.8,16317.8,15749.2,16068.1,16068.1,27481710135
2020-11-15,16068.1,16123.1,15793.5,15955.6,15955.6,23653867583
2020-11-16,15955.6,16816.2,15880.7,16716.1,16716.1,31526766675
2020-11-17,16685.7,17782.9,16564.5,17645.4,17645.4,39006849170
2020-11-18,17645.2,18393.9,17352.9,17804.0,17804.0,49064800278
2020-11-19,17803.9,18119.5,17382.6,17817.1,17817.1,36985055355
2020-11-20,17817.1,18773.2,17765.8,18621.3,18621.3,36992873940
2020-11-21,18621.3,18936.6,18444.4,18642.2,18642.2,39650210707
2020-11-22,18642.2,18689.0,17671.4,18370.0,18370.0,41280434226
2020-11-23,18370.0,18711.4,18000.8,18364.1,18364.1,42741112308
2020-11-24,18365.0,19348.3,18128.7,19107.5,19107.5,51469565009
2020-11-25,19104.4,19391.0,18581.1,18732.1,18732.1,43710357371
2020-11-26,18729.8,18866.3,16351.0,17150.6,17150.6,61396835737
2020-11-27,17153.9,17445.0,16526.4,17108.4,17108.4,38886494645
2020-11-28,17112.9,17853.9,16910.7,17717.4,17717.4,32601040734
2020-11-29,17719.6,18283.6,17559.1,18177.5,18177.5,31133957704
2020-11-30,18178.3,19749.3,18178.3,19625.8,19625.8,47728480399
2020-12-01,19633.8,19846.0,18321.9,18803.0,18803.0,49633658712
2020-12-02,18801.7,19308.3,18347.7,19201.1,19201.1,37387697139
2020-12-03,19205.9,19566.2,18925.8,19445.4,19445.4,31930317405
2020-12-04,19447.0,19511.4,18697.2,18699.8,18699.8,33872388058
2020-12-05,18698.4,19160.4,18590.2,19154.2,19154.2,27242455064
2020-12-06,19154.2,19390.5,18897.9,19345.1,19345.1,25293775714
2020-12-07,19343.1,19411.8,18931.1,19191.6,19191.6,26896357742
2020-12-08,19191.5,19283.5,18269.9,18321.1,18321.1,31692288756
2020-12-09,18320.9,18626.3,17935.5,18553.9,18553.9,34420373071
2020-12-10,18553.3,18553.3,17957.1,18265.0,18265.0,25547132265
2020-12-11,18263.9,18268.5,17619.5,18058.9,18058.9,27919640985
2020-12-12,18051.3,18919.6,18046.0,18803.7,18803.7,21752580802
2020-12-13,18806.8,19381.5,18734.3,19142.4,19142.4,25450468637
2020-12-14,19144.5,19305.1,19012.7,19246.6,19246.6,22473997681
2020-12-15,19246.9,19525.0,19079.8,19417.1,19417.1,26741982541
2020-12-16,19418.8,21458.9,19298.3,21310.6,21310.6,44409011479
2020-12-17,21308.4,23642.7,21234.7,22805.2,22805.2,71378606374
2020-12-18,22806.8,23238.6,22399.8,23138.0,23138.0,40387896275
2020-12-19,23132.9,24085.9,22826.5,23869.8,23869.8,38487546580
2020-12-20,23861.8,24209.7,23147.7,23477.3,23477.3,37844228422
2020-12-21,23474.5,24060.0,22159.4,22803.1,22803.1,45852713981
2020-12-22,22794.0,23789.9,22430.6,23783.0,23783.0,44171632681
2020-12-23,23782.0,24024.5,22802.6,23241.3,23241.3,51146161904
2020-12-24,23240.2,23768.3,22777.6,23735.9,23735.9,41080759713
2020-12-25,23733.6,24710.1,23463.7,24664.8,24664.8,42068395846
2020-12-26,24677.0,26718.1,24522.7,26437.0,26437.0,48332647295
2020-12-27,26439.4,28288.8,25922.8,26272.3,26272.3,66479895605
2020-12-28,26280.8,27389.1,26207.6,27084.8,27084.8,49056742893
2020-12-29,27081.8,27370.7,25987.3,27362.4,27362.4,45265946774
2020-12-30,27360.1,28937.7,27360.1,28841.0,28841.0,51287442704
2020-12-31,28841.6,29244.9,28202.0,29001.7,29001.7,46754964848
2021-01-01,28994.0,29600.6,28803.6,29374.2,29374.2,40730301359
2021-01-02,29376.5,33155.1,29091.2,32127.3,32127.3,67865420765
2021-01-03,32129.4,34608.6,32052.3,32782.0,32782.0,78665235202
2021-01-04,32810.9,33440.2,28722.8,31971.9,31971.9,81163475344
2021-01-05,31977.0,34437.6,30221.2,33992.4,33992.4,67547324782
2021-01-06,34013.6,36879.7,33514.0,36824.4,36824.4,75289433811
2021-01-07,36833.9,40180.4,36491.2,39371.0,39371.0,84762141031
2021-01-08,39381.8,41946.7,36838.6,40797.6,40797.6,88107519480
2021-01-09,40788.6,41436.4,38980.9,40254.5,40254.5,61984162837
2021-01-10,40254.2,41420.2,35984.6,38356.4,38356.4,79980747690
2021-01-11,38346.5,38346.5,30549.6,35566.7,35566.7,123320567399
2021-01-12,35516.4,36568.5,32698.0,33923.0,33923.0,74773277909
2021-01-13,33915.1,37600.0,32584.7,37316.4,37316.4,69364315979
2021-01-14,37325.1,39966.4,36868.6,39187.3,39187.3,63615990033
2021-01-15,39156.7,39577.7,34659.6,36825.4,36825.4,67760757881
2021-01-16,36821.6,37864.4,35633.6,36178.1,36178.1,57706187875
2021-01-17,36163.6,36722.4,34069.3,35791.3,35791.3,52359854336
2021-01-18,35792.2,37299.3,34883.8,36630.1,36630.1,49511702429
2021-01-19,36642.2,37755.9,36069.8,36069.8,36069.8,57244195486
2021-01-20,36050.1,36378.3,33570.5,35547.8,35547.8,66834573161
2021-01-21,35549.4,35552.7,30250.8,30825.7,30825.7,75643067688
2021-01-22,30817.6,33811.9,28953.4,33005.8,33005.8,77207272511
2021-01-23,32985.8,33361.0,31493.2,32067.6,32067.6,48354737975
2021-01-24,32064.4,32944.0,31106.7,32289.4,32289.4,48643830599
2021-01-25,32285.8,34802.7,32087.8,32366.4,32366.4,59897054838
2021-01-26,32358.6,32794.6,31030.3,32569.8,32569.8,60255421470
2021-01-27,32564.0,32564.0,29367.1,30432.5,30432.5,62576762015
2021-01-28,30441.0,33858.3,30023.2,33466.1,33466.1,76517157706
2021-01-29,34318.7,38406.3,32064.8,34316.4,34316.4,117894572511
2021-01-30,34295.9,34834.7,32940.2,34269.5,34269.5,65141828798
2021-01-31,34270.9,34288.3,32270.2,33114.4,33114.4,52754542671
2021-02-01,33114.6,34638.2,32384.2,33537.2,33537.2,61400400660
2021-02-02,33533.2,35896.9,33489.2,35510.3,35510.3,63088585433
2021-02-03,35510.8,37480.2,35444.0,37472.1,37472.1,61166818159
2021-02-04,37475.1,38592.2,36317.5,36926.1,36926.1,68838074392
2021-02-05,36931.5,38225.9,36658.8,38144.3,38144.3,58598066402
2021-02-06,38138.4,40846.5,38138.4,39266.0,39266.0,71326033653
2021-02-07,39250.2,39621.8,37446.2,38903.4,38903.4,65500641143
2021-02-08,38886.8,46203.9,38076.3,46196.5,46196.5,101467222687
2021-02-09,46185.0,48003.7,45167.0,46481.1,46481.1,91809846886
2021-02-10,46469.8,47145.6,43881.2,44918.2,44918.2,87301089896
2021-02-11,44898.7,48463.5,44187.8,47909.3,47909.3,81388911810
2021-02-12,47877.0,48745.7,46425.0,47504.9,47504.9,76555041196
2021-02-13,47491.2,48047.7,46392.3,47105.5,47105.5,70250456155
2021-02-14,47114.5,49487.6,47114.5,48717.3,48717.3,71248675228
2021-02-15,48696.5,48875.6,46347.5,47945.1,47945.1,77069903166
2021-02-16,47944.5,50341.1,47201.3,49199.9,49199.9,77049582886
2021-02-17,49207.3,52533.9,49072.4,52149.0,52149.0,80820545404
2021-02-18,52141.0,52474.1,51015.8,51679.8,51679.8,52054723579
2021-02-19,51676.0,56113.7,50937.3,55888.1,55888.1,63495496918
2021-02-20,55887.3,57505.2,54626.6,56099.5,56099.5,68145460026
2021-02-21,56068.6,58330.6,55672.6,57539.9,57539.9,51897585191
2021-02-22,57532.7,57533.4,48967.6,54207.3,54207.3,92052420332
2021-02-23,54204.9,54204.9,45290.6,48824.4,48824.4,106102492824
2021-02-24,48835.1,51290.1,47213.5,49705.3,49705.3,63695521388
2021-02-25,49709.1,51949.0,47093.9,47093.9,47093.9,54506565949
2021-02-26,47180.5,48370.8,44454.8,46339.8,46339.8,350967941479
2021-02-27,46344.8,48253.3,45269.0,46188.5,46188.5,45910946382
2021-02-28,46194.0,46716.4,43241.6,45137.8,45137.8,53443887451
2021-03-01,45159.5,49784.0,45115.1,49631.2,49631.2,53891300112
2021-03-02,49612.1,50127.5,47228.8,48379.0,48379.0,47530897720
2021-03-03,48415.8,52535.1,48274.3,50538.2,50538.2,53220811975
2021-03-04,50522.3,51735.1,47656.9,48561.2,48561.2,52343816680
2021-03-05,48527.0,49396.4,46542.5,48927.3,48927.3,48625928883
2021-03-06,48899.2,49147.2,47257.5,48912.4,48912.4,34363564661
2021-03-07,48918.7,51384.4,48918.7,51206.7,51206.7,43137459378
2021-03-08,51174.1,52314.1,49506.1,52246.5,52246.5,48597428048
2021-03-09,52273.0,54824.1,51981.8,54824.1,54824.1,50912227385
2021-03-10,54824.0,57258.3,53290.9,56008.6,56008.6,57295577614
2021-03-11,55963.2,58091.1,54484.6,57805.1,57805.1,56772343595
2021-03-12,57821.2,57996.6,55376.6,57332.1,57332.1,55689944702
2021-03-13,57343.4,61683.9,56218.0,61243.1,61243.1,60669829814
2021-03-14,61221.1,61597.9,59302.3,59302.3,59302.3,43901225564
2021-03-15,59267.4,60541.0,55393.2,55907.2,55907.2,66419369890
2021-03-16,55840.8,56833.2,53555.0,56804.9,56804.9,59749798599
2021-03-17,56825.8,58969.8,54528.6,58870.9,58870.9,60258313191
2021-03-18,58893.1,60116.2,54253.6,57858.9,57858.9,55746041000
2021-03-19,57850.4,59498.4,56643.7,58346.7,58346.7,49063873786
2021-03-20,58332.3,60031.3,58213.3,58313.6,58313.6,50361731222
2021-03-21,58309.9,58767.9,56005.6,57523.4,57523.4,51943414539
2021-03-22,57517.9,58471.5,54288.2,54529.1,54529.1,56521454974
2021-03-23,54511.7,55985.4,53470.7,54738.9,54738.9,56435023914
2021-03-24,54710.5,57262.4,52514.3,52774.3,52774.3,70567223787
2021-03-25,52726.7,53392.4,50856.6,51704.2,51704.2,67999812841
2021-03-26,51683.0,55137.3,51579.9,55137.3,55137.3,56652197978
2021-03-27,55137.6,56568.2,54242.9,55973.5,55973.5,47266542233
2021-03-28,55974.9,56610.3,55071.1,55950.7,55950.7,47686580918
2021-03-29,55947.9,58342.1,55139.3,57750.2,57750.2,57625587027
2021-03-30,57750.1,59447.2,57251.6,58917.7,58917.7,54414116432
2021-03-31,58930.3,59930.0,57726.4,58918.8,58918.8,65520826225
2021-04-01,58926.6,59586.1,58505.3,59095.8,59095.8,61669163792
2021-04-02,59098.9,60267.2,58869.3,59384.3,59384.3,58727860620
2021-04-03,59397.4,60110.3,57603.9,57603.9,57603.9,59641344484
2021-04-04,57604.8,58913.7,57168.7,58758.6,58758.6,50749662970
2021-04-05,58760.9,59891.3,57694.8,59057.9,59057.9,60706272115
2021-04-06,59171.9,59479.6,57646.8,58192.4,58192.4,66058027988
2021-04-07,58186.5,58731.1,55604.0,56048.9,56048.9,75645303584
2021-04-08,56099.9,58338.7,55879.1,58324.0,58324.0,53053855641
2021-04-09,58326.6,58937.0,57807.9,58245.0,58245.0,46655208546
2021-04-10,58253.8,61276.7,58038.7,59793.2,59793.2,58238470525
2021-04-11,59846.2,60790.6,59289.8,60205.0,60205.0,46280252580
2021-04-12,60175.9,61253.0,59589.9,59893.5,59893.5,51828688519
2021-04-13,59890.0,63742.3,59870.0,63503.5,63503.5,69983454362
2021-04-14,63523.8,64863.1,61554.8,63109.7,63109.7,77451779687
2021-04-15,63075.2,63821.7,62209.0,63314.0,63314.0,60954381579
2021-04-16,63258.5,63594.7,60222.5,61572.8,61572.8,84293007468
2021-04-17,61529.9,62572.2,60361.4,60683.8,60683.8,66138759198
2021-04-18,60701.9,61057.5,52829.5,56216.2,56216.2,97468872758
2021-04-19,56191.6,57520.1,54368.6,55724.3,55724.3,65344865159
2021-04-20,55681.8,57062.1,53448.0,56473.0,56473.0,67849323955
2021-04-21,56471.1,56758.0,53695.5,53906.1,53906.1,54926612466
2021-04-22,53857.1,55410.2,50583.8,51762.3,51762.3,74798630778
2021-04-23,51739.8,52120.8,47714.7,51093.7,51093.7,86668667320
2021-04-24,51143.2,51167.6,48805.3,50050.9,50050.9,49014494781
2021-04-25,50052.8,50506.0,47159.5,49004.3,49004.3,46117114240
2021-04-26,49077.8,54288.0,48852.8,54021.8,54021.8,58284039825
2021-04-27,54030.3,55417.0,53319.2,55033.1,55033.1,49448222757
2021-04-28,55036.6,56227.2,53887.9,54824.7,54824.7,48000572955
2021-04-29,54858.1,55115.8,52418.0,53555.1,53555.1,46088929780
2021-04-30,53568.7,57900.7,53129.6,57750.2,57750.2,52395931985
2021-05-01,57714.7,58448.3,57052.3,57828.1,57828.1,42836427360
2021-05-02,57825.9,57902.6,56141.9,56631.1,56631.1,38177405335
2021-05-03,56620.3,58973.3,56590.9,57200.3,57200.3,51713139031
2021-05-04,57214.2,57214.2,53191.4,53333.5,53333.5,68564706967
2021-05-05,53252.2,57911.4,52969.1,57424.0,57424.0,69241316747
2021-05-06,57441.3,58363.3,55382.5,56396.5,56396.5,69523285106
2021-05-07,56414.0,58606.6,55321.8,57356.4,57356.4,68434023376
2021-05-08,57352.8,59464.6,56975.2,58803.8,58803.8,65382980634
2021-05-09,58877.4,59210.9,56482.0,58232.3,58232.3,65906690347
2021-05-10,58250.9,59519.4,54071.5,55859.8,55859.8,71776546298
2021-05-11,55847.2,56872.5,54608.7,56704.6,56704.6,61308396325
2021-05-12,56714.5,57939.4,49150.5,49150.5,49150.5,75215403907
2021-05-13,49735.4,51330.8,46980.0,49716.2,49716.2,96721152926
2021-05-14,49683.0,51438.1,48868.6,49880.5,49880.5,55737497453
2021-05-15,49855.5,50639.7,46664.1,46760.2,46760.2,59161047474
2021-05-16,46716.6,49720.0,43963.4,46456.1,46456.1,64047871555
2021-05-17,46415.9,46623.6,42207.3,43537.5,43537.5,74903638450
2021-05-18,43488.1,45812.5,42367.8,42909.4,42909.4,56187365084
2021-05-19,42945.0,43546.1,30681.5,37002.4,37002.4,126358098747
2021-05-20,36753.7,42463.0,35050.6,40782.7,40782.7,88281943359
2021-05-21,40596.9,42172.2,33616.5,37304.7,37304.7,82051616861
2021-05-22,37371.0,38831.1,35383.7,37536.6,37536.6,57377273240
2021-05-23,37531.4,38289.2,31227.3,34770.6,34770.6,78469274361
2021-05-24,34700.4,39835.1,34551.1,38706.0,38706.0,67359584098
2021-05-25,38795.8,39776.4,36581.4,38402.2,38402.2,56211915803
2021-05-26,38392.6,40782.1,37905.8,39294.2,39294.2,51346735160
2021-05-27,39316.9,40379.6,37247.9,38437.0,38437.0,43210968721
2021-05-28,38507.1,38857.0,34779.0,35697.6,35697.6,55200191952
2021-05-29,35684.2,37234.5,33693.9,34616.1,34616.1,45231013335
2021-05-30,34607.4,36400.7,33520.7,35678.1,35678.1,31646080921
2021-05-31,35658.6,37468.2,34241.9,37332.9,37332.9,39009847639
2021-06-01,37293.8,37896.7,35787.1,36684.9,36684.9,34639423297
2021-06-02,36699.9,38231.3,35966.3,37575.2,37575.2,33070867190
2021-06-03,37599.4,39479.0,37244.0,39208.8,39208.8,35460750427
2021-06-04,39242.5,39242.5,35717.7,36894.4,36894.4,41831090187
2021-06-05,36880.2,37917.7,34900.4,35552.0,35552.0,35959473399
2021-06-06,35538.6,36436.4,35304.6,35862.4,35862.4,28913440585
2021-06-07,35835.3,36790.6,33480.6,33560.7,33560.7,33683936663
2021-06-08,33589.5,34017.4,31114.4,33472.6,33472.6,49902050442
2021-06-09,33417.0,37537.4,32475.9,37345.1,37345.1,53972919008
2021-06-10,37389.5,38334.3,35847.6,36702.6,36702.6,43576032854
2021-06-11,36697.0,37608.7,36044.4,37334.4,37334.4,38699736985
2021-06-12,37340.1,37408.9,34728.2,35552.5,35552.5,37924228550
2021-06-13,35555.8,39322.8,34864.1,39097.9,39097.9,40669112838
2021-06-14,39017.0,40978.4,38757.3,40218.5,40218.5,43148914673
2021-06-15,40427.2,41295.3,39609.5,40406.3,40406.3,46420149185
2021-06-16,40168.7,40516.8,38176.0,38347.1,38347.1,39211635100
2021-06-17,38341.4,39513.7,37439.7,38053.5,38053.5,37096670047
2021-06-18,38099.5,38187.3,35255.9,35787.2,35787.2,36200887275
2021-06-19,35854.5,36457.8,34933.1,35615.9,35615.9,31207279719
2021-06-20,35563.1,36059.5,33432.1,35698.3,35698.3,36664034054
2021-06-21,35641.1,35721.6,31295.9,31676.7,31676.7,52809038594
2021-06-22,31622.4,33292.5,28893.6,32505.7,32505.7,58964353058
2021-06-23,32515.7,34753.4,31772.6,33723.0,33723.0,46317108925
2021-06-24,33682.8,35228.9,32385.2,34662.4,34662.4,33123368116
2021-06-25,34659.1,35487.2,31350.9,31637.8,31637.8,40230904226
2021-06-26,31594.7,32637.6,30184.5,32186.3,32186.3,38585385521
2021-06-27,32287.5,34656.1,32071.8,34649.6,34649.6,35511640894
2021-06-28,34679.1,35219.9,33902.1,34434.3,34434.3,33892523752
2021-06-29,34475.6,36542.1,34252.5,35867.8,35867.8,37901460044
2021-06-30,35908.4,36074.8,34086.2,35040.8,35040.8,34059036099
2021-07-01,35036.0,35036.0,32883.8,33572.1,33572.1,37838957079
2021-07-02,33549.6,33939.6,32770.7,33897.0,33897.0,38728974942
2021-07-03,33854.4,34909.3,33402.7,34668.5,34668.5,24383958643
2021-07-04,34665.6,35937.6,34396.5,35287.8,35287.8,24924307911
2021-07-05,35284.3,35284.3,33213.7,33746.0,33746.0,26721554282
2021-07-06,33723.5,35038.5,33599.9,34235.2,34235.2,26501259870
2021-07-07,34225.7,34997.7,33839.3,33855.3,33855.3,24796027477
2021-07-08,33889.6,33907.9,32133.2,32877.4,32877.4,29910396946
2021-07-09,32861.7,34042.3,32318.9,33798.0,33798.0,27436021028
2021-07-10,33811.2,34209.1,33116.0,33520.5,33520.5,22971873468
2021-07-11,33509.1,34584.7,33346.7,34240.2,34240.2,20108729370
2021-07-12,34254.0,34592.2,32697.3,33155.8,33155.8,24321499537
2021-07-13,33125.5,33327.1,32261.4,32702.0,32702.0,19120856669
2021-07-14,32723.8,33061.4,31639.1,32822.3,32822.3,21376531210
2021-07-15,32827.9,33159.6,31175.7,31780.7,31780.7,21300524237
2021-07-16,31841.6,32218.4,31100.7,31421.5,31421.5,23699476918
2021-07-17,31397.3,31935.9,31224.0,31533.1,31533.1,18895018942
2021-07-18,31533.9,32399.0,31215.5,31796.8,31796.8,18787986667
2021-07-19,31800.0,31885.9,30563.7,30817.8,30817.8,20434789545
2021-07-20,30838.3,31006.2,29361.0,29807.3,29807.3,23148267245
2021-07-21,29796.3,32752.3,29526.2,32110.7,32110.7,28203024559
2021-07-22,32138.9,32576.4,31745.3,32313.1,32313.1,19555230518
2021-07-23,32306.0,33581.6,32057.9,33581.6,33581.6,22552046192
2021-07-24,33593.7,34490.4,33424.9,34292.4,34292.4,21664706865
2021-07-25,34290.3,35364.9,33881.8,35350.2,35350.2,20856685287
2021-07-26,35384.0,40499.7,35287.3,37337.5,37337.5,51022126212
2021-07-27,37276.0,39406.9,36441.7,39406.9,39406.9,35097370560
2021-07-28,39503.2,40816.1,38862.4,39995.9,39995.9,38702404695
2021-07-29,39995.5,40593.1,39352.1,40008.4,40008.4,27167146027
2021-07-30,40027.5,42235.5,38397.4,42235.5,42235.5,33072782960
2021-07-31,42196.3,42231.4,41110.8,41626.2,41626.2,25802845343
2021-08-01,41460.8,42541.7,39540.9,39974.9,39974.9,26688438115
2021-08-02,39907.3,40419.2,38746.3,39201.9,39201.9,25595265436
2021-08-03,39178.4,39750.0,37782.1,38153.0,38153.0,26189830450
2021-08-04,38213.3,39952.3,37589.2,39747.5,39747.5,25372562724
2021-08-05,39744.5,41341.9,37458.0,40869.6,40869.6,35185031017
2021-08-06,40865.9,43271.7,39932.2,42816.5,42816.5,38226483046
2021-08-07,42832.8,44689.9,42618.6,44555.8,44555.8,40030862141
2021-08-08,44574.4,45282.4,43331.9,43798.1,43798.1,36302664750
2021-08-09,43791.9,46456.8,42848.7,46365.4,46365.4,38734079049
2021-08-10,46280.8,46638.0,44705.6,45585.0,45585.0,33546019517
2021-08-11,45599.7,46735.6,45351.7,45593.6,45593.6,34319709073
2021-08-12,45576.9,46228.9,43861.4,44428.3,44428.3,33723620826
2021-08-13,44439.7,47832.0,44282.4,47793.3,47793.3,31744259539
2021-08-14,47810.7,48098.7,46177.6,47096.9,47096.9,31211354442
2021-08-15,47096.7,47357.1,45579.6,47047.0,47047.0,30988958446
2021-08-16,47020.0,47998.1,45700.3,46004.5,46004.5,32776876610
2021-08-17,45936.5,47139.6,44512.4,44695.4,44695.4,33451362600
2021-08-18,44686.8,45952.1,44364.0,44801.2,44801.2,32194123075
2021-08-19,44741.9,46970.8,43998.3,46717.6,46717.6,37204312299
2021-08-20,46723.1,49342.2,46650.7,49339.2,49339.2,34706867452
2021-08-21,49327.1,49717.0,48312.2,48905.5,48905.5,40585205312
2021-08-22,48869.1,49471.6,48199.9,49321.7,49321.7,25370975378
2021-08-23,49291.7,50482.1,49074.6,49546.1,49546.1,34305053719
2021-08-24,49562.3,49878.8,47687.1,47706.1,47706.1,35361168834
2021-08-25,47727.3,49202.9,47163.6,48960.8,48960.8,32646349931
2021-08-26,49002.6,49347.6,46405.8,46942.2,46942.2,32666549568
2021-08-27,46894.6,49112.8,46394.3,49058.7,49058.7,34511076995
2021-08-28,49072.6,49283.5,48499.2,48902.4,48902.4,28568103401
2021-08-29,48911.2,49644.1,47925.9,48829.8,48829.8,25889650240
2021-08-30,48834.9,48925.6,46950.3,47055.0,47055.0,31847007016
2021-08-31,47024.3,48189.6,46750.1,47166.7,47166.7,34730363427
2021-09-01,47099.8,49111.1,46562.4,48847.0,48847.0,39139399125
2021-09-02,48807.8,50343.4,48652.3,49327.7,49327.7,39508070319
2021-09-03,49288.2,50982.3,48386.1,50025.4,50025.4,43206179619
2021-09-04,50009.3,50545.6,49548.8,49944.6,49944.6,37471327794
2021-09-05,49937.9,51868.7,49538.6,51753.4,51753.4,30322676319
2021-09-06,51769.0,52700.9,51053.7,52633.5,52633.5,38884105426
2021-09-07,52660.5,52853.8,43285.2,46811.1,46811.1,65210059683
2021-09-08,46827.8,47334.1,44561.4,46091.4,46091.4,49007762488
2021-09-09,45774.7,47261.9,45669.7,46391.4,46391.4,38672657013
2021-09-10,46396.7,47031.7,44344.5,44883.9,44883.9,39154666597
2021-09-11,44869.8,45969.3,44818.3,45201.5,45201.5,34499835245
2021-09-12,45206.6,46364.9,44790.5,46063.3,46063.3,27881980161
2021-09-13,46057.2,46598.7,43591.3,44963.1,44963.1,40969943253
2021-09-14,44960.1,47218.1,44752.3,47092.5,47092.5,38652152880
2021-09-15,47098.0,48450.5,46773.3,48176.3,48176.3,30484496466
2021-09-16,48158.9,48486.8,47079.6,47783.4,47783.4,31764293754
2021-09-17,47771.0,48160.9,46832.5,47267.5,47267.5,28727713711
2021-09-18,47273.5,48791.8,47087.3,48278.4,48278.4,28575630451
2021-09-19,48268.9,48328.4,46919.8,47260.2,47260.2,26967722648
2021-09-20,47261.4,47328.2,42598.9,42843.8,42843.8,43909845642
2021-09-21,43012.2,43607.6,39787.6,40693.7,40693.7,48701090088
2021-09-22,40678.0,43978.6,40625.6,43574.5,43574.5,38139709246
2021-09-23,43560.3,44942.2,43109.3,44895.1,44895.1,34244064430
2021-09-24,44894.3,45080.5,40936.6,42839.8,42839.8,42839345714
2021-09-25,42840.9,42996.3,41759.9,42716.6,42716.6,31604717236
2021-09-26,42721.6,43919.3,40848.5,43208.5,43208.5,30661222077
2021-09-27,43234.2,44313.2,42190.6,42235.7,42235.7,30980029059
2021-09-28,42200.9,42775.1,40931.7,41034.5,41034.5,30214940550
2021-09-29,41065.0,42545.3,40829.7,41564.4,41564.4,30602359905
2021-09-30,41551.3,44092.6,41444.6,43790.9,43790.9,31141681925
2021-10-01,43816.7,48436.0,43320.0,48116.9,48116.9,42850641582
2021-10-02,48137.5,48282.1,47465.5,47711.5,47711.5,30614346492
2021-10-03,47680.0,49130.7,47157.3,48200.0,48200.0,26638115879
2021-10-04,48208.9,49456.8,47045.0,49112.9,49112.9,33383173002
2021-10-05,49175.0,51840.0,49072.8,51514.8,51514.8,35873904236
2021-10-06,51486.7,55568.5,50488.2,55361.4,55361.4,49034730168
2021-10-07,55338.6,55338.6,53525.5,53806.0,53806.0,36807860413
2021-10-08,53802.1,55923.0,53688.1,53967.8,53967.8,34800873924
2021-10-09,53929.8,55397.9,53735.1,54968.2,54968.2,32491211414
2021-10-10,54952.8,56401.3,54264.3,54771.6,54771.6,39527792364
2021-10-11,54734.1,57793.0,54519.8,57484.8,57484.8,42637331698
2021-10-12,57526.8,57627.9,54478.0,56041.1,56041.1,41083758949
2021-10-13,56038.3,57688.7,54371.0,57401.1,57401.1,41684252783
2021-10-14,57372.8,58478.7,56957.1,57321.5,57321.5,36615791366
2021-10-15,57345.9,62757.1,56868.1,61593.9,61593.9,51780081801
2021-10-16,61609.5,62274.5,60206.1,60892.2,60892.2,34250964237
2021-10-17,60887.7,61645.5,59164.5,61553.6,61553.6,29032367511
2021-10-18,61548.8,62614.7,60012.8,62026.1,62026.1,38055562075
2021-10-19,62043.2,64434.5,61622.9,64262.0,64262.0,40471196346
2021-10-20,64284.6,66930.4,63610.7,65992.8,65992.8,40788955582
2021-10-21,66002.2,66600.5,62117.4,62210.2,62210.2,45908121370
2021-10-22,62237.9,63715.0,60122.8,60692.3,60692.3,38434082775
2021-10-23,60694.6,61743.9,59826.5,61393.6,61393.6,26882546034
2021-10-24,61368.3,61505.8,59643.3,60930.8,60930.8,27316183882
2021-10-25,60893.9,63729.3,60691.8,63039.8,63039.8,31064911614
2021-10-26,63032.8,63229.0,59991.2,60363.8,60363.8,34878965587
2021-10-27,60352.0,61435.2,58208.2,58482.4,58482.4,43657076893
2021-10-28,58470.7,62128.6,58206.9,60622.1,60622.1,45257083247
2021-10-29,60624.9,62927.6,60330.0,62228.0,62228.0,36856881767
2021-10-30,62239.4,62330.1,60918.4,61888.8,61888.8,32157938616
2021-10-31,61850.5,62406.2,60074.3,61319.0,61319.0,32241199927
2021-11-01,61320.4,62419.0,59695.2,61004.4,61004.4,36150572843
2021-11-02,60963.3,64242.8,60673.1,63226.4,63226.4,37746665647
2021-11-03,63254.3,63516.9,61184.2,62970.0,62970.0,36124731509
2021-11-04,62941.8,63123.3,60799.7,61452.2,61452.2,32615846901
2021-11-05,61460.1,62541.5,60844.6,61125.7,61125.7,30605102446
2021-11-06,61068.9,61590.7,60163.8,61527.5,61527.5,29094934221
2021-11-07,61554.9,63327.0,61432.5,63327.0,63327.0,24726754302
2021-11-08,63344.1,67673.7,63344.1,67566.8,67566.8,41125608330
2021-11-09,67549.7,68530.3,66382.1,66971.8,66971.8,42357991721
2021-11-10,66953.3,68789.6,63208.1,64995.2,64995.2,48730828378
2021-11-11,64978.9,65579.0,64180.5,64950.0,64950.0,35880633236
2021-11-12,64864.0,65460.8,62333.9,64155.9,64155.9,36084893887
2021-11-13,64158.1,64915.7,63303.7,64469.5,64469.5,30474228777
2021-11-14,64455.4,65495.2,63647.8,65466.8,65466.8,25122092191
2021-11-15,65521.3,66281.6,63548.1,63557.9,63557.9,30558763548
2021-11-16,63721.2,63721.2,59016.3,60161.2,60161.2,46844335592
2021-11-17,60139.6,60823.6,58515.4,60368.0,60368.0,39178392930
2021-11-18,60360.1,60948.5,56550.8,56942.1,56942.1,41388338699
2021-11-19,56896.1,58351.1,55705.2,58119.6,58119.6,38702407772
2021-11-20,58115.1,59859.9,57469.7,59697.2,59697.2,30624264863
2021-11-21,59730.5,60004.4,58618.9,58730.5,58730.5,26123447605
2021-11-22,58706.8,59266.4,55679.8,56289.3,56289.3,35036121783
2021-11-23,56304.6,57875.5,55632.8,57569.1,57569.1,37485803899
2021-11-24,57565.9,57803.1,55964.2,56280.4,56280.4,36635566789
2021-11-25,57165.4,59368.0,57146.7,57274.7,57274.7,34284016248
2021-11-26,58960.3,59183.5,53569.8,53569.8,53569.8,41810748221
2021-11-27,53736.4,55329.3,53668.4,54815.1,54815.1,30560857714
2021-11-28,54813.0,57393.8,53576.7,57248.5,57248.5,28116886357
2021-11-29,57291.9,58872.9,56792.5,57806.6,57806.6,32370840356
2021-11-30,57830.1,59113.4,56057.3,57005.4,57005.4,36708594618
2021-12-01,56908.0,59041.7,56553.1,57229.8,57229.8,36858195307
2021-12-02,57217.4,57349.2,55895.1,56477.8,56477.8,32379968686
2021-12-03,56509.2,57482.2,52496.6,53598.2,53598.2,39789134215
2021-12-04,53727.9,53904.7,42874.6,49200.7,49200.7,61385677469
2021-12-05,49201.5,49768.1,47857.5,49368.8,49368.8,37198201161
2021-12-06,49413.5,50929.5,47281.0,50582.6,50582.6,37707308001
2021-12-07,50581.8,51934.8,50175.8,50700.1,50700.1,33676814852
2021-12-08,50667.6,51171.4,48766.0,50504.8,50504.8,28479699446
2021-12-09,50450.1,50797.2,47358.4,47672.1,47672.1,29603577251
2021-12-10,47642.1,50015.3,47023.7,47243.3,47243.3,30966005122
2021-12-11,47264.6,49458.2,46942.3,49362.5,49362.5,25775869261
2021-12-12,49354.9,50724.9,48725.9,50098.3,50098.3,21939223599
2021-12-13,50114.7,50205.0,45894.8,46737.5,46737.5,32166727776
2021-12-14,46709.8,48431.4,46424.5,46612.6,46612.6,34638619079
2021-12-15,48379.8,49474.0,46672.0,48896.7,48896.7,36541828520
2021-12-16,48900.5,49425.6,47529.9,47665.4,47665.4,27268150947
2021-12-17,47653.7,48004.9,45618.2,46202.1,46202.1,32902725329
2021-12-18,46219.3,47313.8,45598.4,46848.8,46848.8,26098292690
2021-12-19,46853.9,48089.7,46503.0,46707.0,46707.0,25154053861
2021-12-20,46707.1,47401.7,45579.8,46880.3,46880.3,30961902129
2021-12-21,46886.1,49300.9,46698.8,48936.6,48936.6,27055803928
2021-12-22,48937.1,49544.8,48450.9,48628.5,48628.5,24447979559
2021-12-23,48626.3,51332.3,48065.8,50784.5,50784.5,28223878108
2021-12-24,50806.1,51814.0,50514.5,50822.2,50822.2,24367912228
2021-12-25,50854.9,51176.6,50236.7,50429.9,50429.9,19030650914
2021-12-26,50428.7,51196.4,49623.1,50809.5,50809.5,20964372926
2021-12-27,50802.6,51956.3,50499.5,50640.4,50640.4,24324345758
2021-12-28,50679.9,50679.9,47414.2,47588.9,47588.9,33430376883
2021-12-29,47623.9,48119.7,46201.5,46444.7,46444.7,30049226299
2021-12-30,46490.6,47880.0,46060.3,47178.1,47178.1,26686491018
2021-12-31,47169.4,48472.5,45820.0,46306.4,46306.4,36974172400
2022-01-01,46311.7,47827.3,46288.5,47686.8,47686.8,24582667004
2022-01-02,47680.9,47881.4,46856.9,47345.2,47345.2,27951569547
2022-01-03,47343.5,47510.7,45836.0,46458.1,46458.1,33071628362
2022-01-04,46458.9,47406.5,45752.5,45897.6,45897.6,42494677905
2022-01-05,45899.4,46929.0,42798.2,43569.0,43569.0,36851084859
2022-01-06,43565.5,43748.7,42645.5,43160.9,43160.9,30208048289
2022-01-07,43153.6,43153.6,41077.4,41557.9,41557.9,84196607520
2022-01-08,41561.5,42228.9,40672.3,41733.9,41733.9,28066355845
2022-01-09,41734.7,42663.9,41338.2,41911.6,41911.6,21294384372
2022-01-10,41910.2,42199.5,39796.6,41821.3,41821.3,32104232331
2022-01-11,41819.5,43001.2,41407.8,42735.9,42735.9,26327648900
2022-01-12,42742.2,44135.4,42529.0,43949.1,43949.1,33499938689
2022-01-13,43946.7,44278.4,42447.0,42591.6,42591.6,47691135082
2022-01-14,42598.9,43346.7,41982.6,43099.7,43099.7,23577403399
2022-01-15,43101.9,43724.7,42669.0,43177.4,43177.4,18371348298
2022-01-16,43172.0,43436.8,42691.0,43113.9,43113.9,17902097845
2022-01-17,43118.1,43179.4,41680.3,42250.6,42250.6,21690904261
2022-01-18,42250.1,42534.4,41392.2,42375.6,42375.6,22417209227
2022-01-19,42374.0,42478.3,41242.9,41744.3,41744.3,23091543258
2022-01-20,41744.0,43413.0,40672.8,40680.4,40680.4,20382033940
2022-01-21,40699.6,41060.5,35791.4,36457.3,36457.3,43011992031
2022-01-22,36471.6,36688.8,34349.2,35030.2,35030.2,39714385405
2022-01-23,35047.4,36433.3,34785.0,36276.8,36276.8,26017975951
2022-01-24,36275.7,37247.5,33184.1,36654.3,36654.3,41856658597
2022-01-25,36654.8,37444.6,35779.4,36954.0,36954.0,26428189594
2022-01-26,36950.5,38825.4,36374.9,36852.1,36852.1,31324598034
2022-01-27,36841.9,37148.3,35629.3,37138.2,37138.2,25041426629
2022-01-28,37128.4,37952.9,36211.1,37784.3,37784.3,22238830523
2022-01-29,37780.7,38576.3,37406.5,38138.2,38138.2,17194183075
2022-01-30,38151.9,38266.3,37437.7,37917.6,37917.6,14643548444
2022-01-31,37920.3,38647.3,36733.6,38483.1,38483.1,20734730465
2022-02-01,38481.8,39115.1,38113.7,38743.3,38743.3,20288500328
2022-02-02,38743.7,38834.6,36832.7,36953.0,36953.0,19155189416
2022-02-03,36944.8,37154.6,36375.5,37154.6,37154.6,18591534769
2022-02-04,37149.3,41527.8,37093.6,41500.9,41500.9,29412210792
2022-02-05,41501.5,41847.2,41038.1,41441.2,41441.2,19652846215
2022-02-06,41441.1,42500.8,41244.9,42412.4,42412.4,16142097334
2022-02-07,42406.8,44401.9,41748.2,43840.3,43840.3,28641855926
2022-02-08,43854.7,45293.9,42807.8,44118.4,44118.4,33079398868
2022-02-09,44096.7,44727.8,43233.0,44338.8,44338.8,23245887300
2022-02-10,44347.8,45661.2,43402.8,43565.1,43565.1,32142048537
2022-02-11,43571.1,43810.8,42114.5,42407.9,42407.9,26954925781
2022-02-12,42412.3,42992.6,41852.6,42244.5,42244.5,18152390304
2022-02-13,42236.6,42693.1,41950.9,42197.5,42197.5,14741589015
2022-02-14,42157.4,42775.8,41682.0,42586.9,42586.9,20827783012
2022-02-15,42586.5,44667.2,42491.0,44575.2,44575.2,22721659051
2022-02-16,44578.3,44578.3,43456.7,43961.9,43961.9,19792547657
2022-02-17,43937.1,44133.0,40249.4,40538.0,40538.0,26246662813
2022-02-18,40552.1,40929.2,39637.6,40031.0,40031.0,23310007704
2022-02-19,40026.0,40418.9,39713.1,40122.2,40122.2,13736557863
2022-02-20,40118.1,40119.9,38112.8,38431.4,38431.4,18340576452
2022-02-21,38423.2,39394.4,36950.5,37075.3,37075.3,29280402798
2022-02-22,37068.8,38359.9,36488.9,38286.0,38286.0,25493150450
2022-02-23,38285.3,39122.4,37201.8,37296.6,37296.6,21849073843
2022-02-24,37278.6,38968.8,34459.2,38332.6,38332.6,46383802093
2022-02-25,38333.7,39630.3,38111.3,39214.2,39214.2,26545599159
2022-02-26,39213.1,40005.3,38702.5,39105.1,39105.1,17467554129
2022-02-27,39098.7,39778.9,37269.0,37709.8,37709.8,23450127612
2022-02-28,37706.0,43760.5,37518.2,43193.2,43193.2,35690014104
2022-03-01,43194.5,44793.6,42952.6,44354.6,44354.6,32479047645
2022-03-02,44357.6,45077.6,43432.9,43924.1,43924.1,29183112630
2022-03-03,43925.2,44021.6,41914.8,42451.8,42451.8,24967782593
2022-03-04,42458.1,42479.6,38805.8,39137.6,39137.6,28516271427
2022-03-05,39148.4,39566.3,38777.0,39400.6,39400.6,16975917450
2022-03-06,39404.2,39640.2,38211.6,38420.0,38420.0,19745229902
2022-03-07,38429.3,39430.2,37260.2,38062.0,38062.0,28546143503
2022-03-08,38059.9,39304.4,37957.4,38737.3,38737.3,25776583476
2022-03-09,38742.8,42465.7,38706.1,41982.9,41982.9,32284121034
2022-03-10,41974.1,42004.7,38832.9,39437.5,39437.5,31078064711
2022-03-11,39440.0,40081.7,38347.4,38795.0,38795.0,26364890465
2022-03-12,38794.5,39308.6,38772.5,38904.0,38904.0,14616450657
2022-03-13,38884.7,39209.4,37728.1,37849.7,37849.7,17300745310
2022-03-14,37846.3,39742.5,37680.7,39666.8,39666.8,24322159070
2022-03-15,39664.2,39794.6,38310.2,39338.8,39338.8,23934000868
2022-03-16,39335.6,41465.5,39022.3,41143.9,41143.9,39616916192
2022-03-17,41140.8,41287.5,40662.9,40951.4,40951.4,22009601093
2022-03-18,40944.8,42195.7,40302.4,41801.2,41801.2,34421564942
2022-03-19,41794.6,42316.6,41602.7,42190.7,42190.7,19664853187
2022-03-20,42191.4,42241.2,41004.8,41247.8,41247.8,20127946682
2022-03-21,41246.1,41454.4,40668.0,41078.0,41078.0,24615543271
2022-03-22,41074.1,43124.7,40948.3,42358.8,42358.8,32004652376
2022-03-23,42364.4,42893.5,41877.5,42893.0,42893.0,25242943069
2022-03-24,42886.7,44131.9,42726.2,43960.9,43960.9,31042992291
2022-03-25,43964.5,44999.5,43706.3,44348.7,44348.7,30574413034
2022-03-26,44349.9,44736.0,44166.3,44500.8,44500.8,16950455995
2022-03-27,44505.4,46827.5,44437.3,46820.5,46820.5,28160889722
2022-03-28,46821.9,48086.8,46690.2,47128.0,47128.0,36362175703
2022-03-29,47100.4,48022.3,47100.4,47465.7,47465.7,31397059069
2022-03-30,47456.9,47655.1,46746.2,47062.7,47062.7,29333883962
2022-03-31,47062.1,47512.0,45390.5,45538.7,45538.7,33327427106
2022-04-01,45554.2,46616.2,44403.1,46281.6,46281.6,38162644287
2022-04-02,46285.5,47028.3,45782.5,45868.9,45868.9,29336594194
2022-04-03,45859.1,47313.5,45634.1,46453.6,46453.6,25414397610
2022-04-04,46445.3,46791.1,45235.8,46622.7,46622.7,32499785455
2022-04-05,46624.5,47106.1,45544.8,45556.0,45556.0,29640604055
2022-04-06,45544.4,45544.4,43194.0,43206.7,43206.7,39393395788
2022-04-07,43207.5,43860.7,42899.9,43503.8,43503.8,26101973106
2022-04-08,43505.1,43903.0,42183.3,42287.7,42287.7,27215995394
2022-04-09,42282.1,42786.8,42183.3,42782.1,42782.1,16050772496
2022-04-10,42781.1,43376.4,42021.2,42207.7,42207.7,17654475582
2022-04-11,42201.0,42424.6,39373.1,39521.9,39521.9,33949912166
2022-04-12,39533.7,40617.6,39388.3,40127.2,40127.2,30991500854
2022-04-13,40123.6,41430.1,39712.7,41166.7,41166.7,27691105228
2022-04-14,41160.2,41451.5,39695.7,39935.5,39935.5,24342001973
2022-04-15,39939.4,40617.7,39866.8,40553.5,40553.5,21756855753
2022-04-16,40552.3,40633.7,40078.4,40424.5,40424.5,16833150693
2022-04-17,40417.8,40570.7,39620.9,39717.0,39717.0,19087633042
2022-04-18,39721.2,40986.3,38696.2,40826.2,40826.2,33705182072
2022-04-19,40828.2,41673.0,40618.6,41502.8,41502.8,25303206547
2022-04-20,41501.7,42126.3,40961.1,41374.4,41374.4,27819532341
2022-04-21,41371.5,42893.6,40063.8,40527.4,40527.4,35372786395
2022-04-22,40525.9,40777.8,39315.4,39740.3,39740.3,28011716745
2022-04-23,39738.7,39935.9,39352.2,39486.7,39486.7,16138021249
2022-04-24,39478.4,39845.9,39233.5,39469.3,39469.3,17964398167
2022-04-25,39472.6,40491.8,38338.4,40458.3,40458.3,35445730570
2022-04-26,40448.4,40713.9,37885.0,38117.5,38117.5,34569088416
2022-04-27,38120.3,39397.9,37997.3,39241.1,39241.1,30981015184
2022-04-28,39241.4,40269.5,38941.4,39773.8,39773.8,33903704907
2022-04-29,39768.6,39887.3,38235.5,38609.8,38609.8,30882994649
2022-04-30,38605.9,38771.2,37697.9,37714.9,37714.9,23895713731
2022-05-01,37713.3,38627.9,37585.8,38469.1,38469.1,27002760110
2022-05-02,38472.2,39075.0,38156.6,38529.3,38529.3,32922642426
2022-05-03,38528.1,38630.0,37585.6,37750.5,37750.5,27326943244
2022-05-04,37748.0,39902.9,37732.1,39698.4,39698.4,36754404490
2022-05-05,39695.7,39789.3,35856.5,36575.1,36575.1,43106256317
2022-05-06,36573.2,36624.4,35482.1,36040.9,36040.9,37795577489
2022-05-07,36042.5,36129.9,34940.8,35502.0,35502.0,24375896406
2022-05-08,35502.9,35502.9,33879.0,34059.3,34059.3,36763041910
2022-05-09,34060.0,34222.1,30297.0,30297.0,30297.0,63355494961
2022-05-10,30273.7,32596.3,29944.8,31022.9,31022.9,59811038817
2022-05-11,31016.2,32013.4,28170.4,28936.4,28936.4,70388855818
2022-05-12,28936.7,30032.4,26350.5,29047.8,29047.8,66989173272
2022-05-13,29030.9,30924.8,28782.3,29283.1,29283.1,42841124537
2022-05-14,29285.6,30192.8,28702.9,30101.3,30101.3,28579868620
2022-05-15,30098.6,31308.2,29527.7,31305.1,31305.1,25835372065
2022-05-16,31304.4,31305.3,29251.9,29862.9,29862.9,32613897286
2022-05-17,29862.4,30694.5,29570.3,30425.9,30425.9,29101473475
2022-05-18,30424.5,30618.7,28720.3,28720.3,28720.3,31285268319
2022-05-19,28720.4,30430.8,28709.0,30314.3,30314.3,33773447707
2022-05-20,30311.1,30665.0,28793.6,29200.7,29200.7,30749382605
2022-05-21,29199.9,29588.9,29027.4,29432.2,29432.2,17274840442
2022-05-22,29432.5,30425.9,29275.2,30323.7,30323.7,21631532270
2022-05-23,30309.4,30590.6,28975.6,29098.9,29098.9,31483454557
2022-05-24,29101.1,29774.4,28786.6,29655.6,29655.6,26616506245
2022-05-25,29653.1,30157.8,29384.9,29562.4,29562.4,27525063551
2022-05-26,29564.8,29834.2,28261.9,29267.2,29267.2,36774325352
2022-05-27,29251.1,29346.9,28326.6,28627.6,28627.6,36582005748
2022-05-28,28622.6,28814.9,28554.6,28814.9,28814.9,35519577634
2022-05-29,29019.9,29498.0,28841.1,29446.0,29446.0,18093886409
2022-05-30,29443.4,31949.6,29303.6,31726.4,31726.4,39277993274
2022-05-31,31723.9,32249.9,31286.2,31792.3,31792.3,33538210634
2022-06-01,31792.6,31957.3,29501.6,29799.1,29799.1,41135817341
2022-06-02,29794.9,30604.7,29652.7,30467.5,30467.5,29083562061
2022-06-03,30467.8,30633.0,29375.7,29704.4,29704.4,26175547452
2022-06-04,29706.1,29930.6,29500.0,29832.9,29832.9,16588370958
2022-06-05,29835.1,30117.7,29574.4,29906.7,29906.7,17264085441
2022-06-06,29910.3,31693.3,29894.2,31370.7,31370.7,31947336829
2022-06-07,31371.7,31489.7,29311.7,31155.5,31155.5,40770974039
2022-06-08,31151.5,31253.7,29944.4,30214.4,30214.4,30242059107
2022-06-09,30215.3,30609.3,30020.3,30112.0,30112.0,21692004719
2022-06-10,30110.3,30245.8,28978.1,29083.8,29083.8,29867476527
2022-06-11,29084.7,29401.9,28236.2,28360.8,28360.8,27246574439
2022-06-12,28373.5,28502.7,26762.6,26762.6,26762.6,34163220274
2022-06-13,26737.6,26795.6,22141.3,22487.4,22487.4,68204556440
2022-06-14,22488.0,23019.0,20950.8,22206.8,22206.8,50913575242
2022-06-15,22196.7,22642.7,20178.4,22572.8,22572.8,54912007015
2022-06-16,22576.3,22868.9,20265.2,20381.7,20381.7,31183975654
2022-06-17,20385.7,21243.3,20326.5,20471.5,20471.5,27132421514
2022-06-18,20473.4,20736.0,17708.6,19017.6,19017.6,42009436760
2022-06-19,19010.9,20683.8,18067.2,20553.3,20553.3,35329942625
2022-06-20,20553.4,20913.3,19689.2,20599.5,20599.5,30818458597
2022-06-21,20594.3,21620.6,20415.1,20710.6,20710.6,28970212744
2022-06-22,20719.4,20835.8,19848.1,19987.0,19987.0,28574793478
2022-06-23,19986.6,21135.8,19950.1,21085.9,21085.9,26188097173
2022-06-24,21084.6,21472.9,20777.5,21231.7,21231.7,24957784918
2022-06-25,21233.6,21520.9,20964.6,21502.3,21502.3,18372538715
2022-06-26,21496.5,21783.7,21016.3,21027.3,21027.3,18027170497
2022-06-27,21028.2,21478.1,20620.2,20735.5,20735.5,20965695707
2022-06-28,20731.5,21164.4,20228.8,20280.6,20280.6,21381535161
2022-06-29,20281.2,20364.2,19937.8,20104.0,20104.0,23552740328
2022-06-30,20108.3,20141.2,18729.7,19784.7,19784.7,26267239923
2022-07-01,19820.5,20632.7,19073.7,19269.4,19269.4,30767551159
2022-07-02,19274.8,19371.7,19027.1,19242.3,19242.3,18100418740
2022-07-03,19242.1,19558.3,18967.0,19297.1,19297.1,16390821947
2022-07-04,19297.3,20258.7,19063.1,20231.3,20231.3,21594638208
2022-07-05,20225.4,20635.5,19341.2,20190.1,20190.1,26715546990
2022-07-06,20194.6,20595.5,19823.5,20548.2,20548.2,24598943708
2022-07-07,20547.8,21771.8,20296.1,21637.6,21637.6,25814972520
2022-07-08,21637.2,22314.9,21257.5,21731.1,21731.1,49899834488
2022-07-09,21716.8,21877.1,21446.0,21592.2,21592.2,29641127858
2022-07-10,21591.1,21591.1,20727.1,20860.4,20860.4,28688807249
2022-07-11,20856.4,20856.4,19924.5,19970.6,19970.6,24150249025
2022-07-12,19970.5,20043.4,19308.5,19323.9,19323.9,25810220018
2022-07-13,19326.0,20223.1,19000.0,20212.1,20212.1,33042430345
2022-07-14,20211.5,20789.9,19689.3,20569.9,20569.9,31158743333
2022-07-15,20573.2,21138.2,20397.0,20836.3,20836.3,25905575359
2022-07-16,20834.1,21514.4,20518.9,21190.3,21190.3,24302954056
2022-07-17,21195.0,21600.6,20778.2,20779.3,20779.3,22927802083
2022-07-18,20781.9,22633.0,20781.9,22485.7,22485.7,39974475562
2022-07-19,22467.8,23667.0,21683.4,23389.4,23389.4,48765202697
2022-07-20,23393.2,24196.8,23009.9,23231.7,23231.7,42932549127
2022-07-21,23233.2,23388.3,22431.1,23164.6,23164.6,33631012204
2022-07-22,23163.8,23671.9,22603.4,22715.0,22715.0,31421555646
2022-07-23,22707.0,22977.2,22002.9,22465.5,22465.5,24021799169
2022-07-24,22465.5,22974.0,22306.8,22609.2,22609.2,23565495303
2022-07-25,22607.2,22649.1,21361.6,21361.7,21361.7,35574561406
2022-07-26,21361.1,21361.1,20776.8,21239.8,21239.8,28624673855
2022-07-27,21244.2,22986.5,21070.8,22930.5,22930.5,31758955233
2022-07-28,22933.6,24110.5,22722.3,23843.9,23843.9,40212386158
2022-07-29,23845.2,24294.8,23481.2,23804.6,23804.6,35887249746
2022-07-30,23796.8,24572.6,23580.5,23656.2,23656.2,28148218301
2022-07-31,23652.1,24121.6,23275.7,23336.9,23336.9,23553591896
2022-08-01,23336.7,23464.8,22890.8,23314.2,23314.2,25849159141
2022-08-02,23308.4,23415.0,22710.1,22978.1,22978.1,28389250717
2022-08-03,22981.3,23578.7,22747.8,22846.5,22846.5,26288169966
2022-08-04,22848.2,23198.0,22485.7,22631.0,22631.0,25120229769
2022-08-05,22626.8,23422.8,22612.2,23289.3,23289.3,28881249043
2022-08-06,23291.4,23326.6,22961.3,22961.3,22961.3,15978259885
2022-08-07,22963.5,23359.0,22894.6,23175.9,23175.9,15886817043
2022-08-08,23179.5,24203.7,23176.5,23809.5,23809.5,28575544847
2022-08-09,23811.5,23898.6,22982.0,23164.3,23164.3,23555719219
2022-08-10,23162.9,24127.4,22771.5,23947.6,23947.6,32837431722
2022-08-11,23948.3,24822.6,23901.0,23957.5,23957.5,37127036580
2022-08-12,23957.2,24412.6,23657.3,24402.8,24402.8,27265804688
2022-08-13,24402.2,24860.1,24346.1,24424.1,24424.1,22987346289
2022-08-14,24429.1,24974.9,24206.3,24319.3,24319.3,22994133555
2022-08-15,24318.3,25135.6,23839.8,24137.0,24137.0,35123501685
2022-08-16,24126.1,24228.4,23733.5,23883.3,23883.3,27753685646
2022-08-17,23881.3,24407.1,23243.4,23336.0,23336.0,30931623076
2022-08-18,23341.0,23563.8,23177.6,23212.7,23212.7,23747613147
2022-08-19,23213.3,23213.3,20868.8,20877.6,20877.6,40509610260
2022-08-20,20872.8,21350.8,20856.7,21166.1,21166.1,27595671000
2022-08-21,21160.4,21668.8,21103.2,21534.1,21534.1,23102307723
2022-08-22,21531.5,21531.5,20939.2,21398.9,21398.9,31666498758
2022-08-23,21401.0,21646.2,20955.1,21528.1,21528.1,31878280659
2022-08-24,21526.5,21783.1,21195.0,21395.0,21395.0,31962253368
2022-08-25,21395.5,21789.6,21362.4,21600.9,21600.9,31028679593
2022-08-26,21596.1,21804.9,20199.5,20260.0,20260.0,42326789564
2022-08-27,20262.5,20340.8,19890.5,20041.7,20041.7,30116729776
2022-08-28,20041.0,20139.1,19616.8,19616.8,19616.8,24366810591
2022-08-29,19615.2,20357.5,19600.8,20298.0,20298.0,32637854078
2022-08-30,20298.6,20542.6,19617.6,19796.8,19796.8,34483360283
2022-08-31,19799.6,20421.0,19799.6,20049.8,20049.8,33225232872
2022-09-01,20050.5,20198.4,19654.0,20127.1,20127.1,30182031010
2022-09-02,20126.1,20401.6,19814.8,19969.8,19969.8,29123998928
2022-09-03,19969.7,20037.0,19698.4,19832.1,19832.1,23613051457
2022-09-04,19832.5,19999.7,19636.8,19986.7,19986.7,25245861652
2022-09-05,19988.8,20031.2,19673.0,19812.4,19812.4,28813460025
2022-09-06,19817.7,20155.3,18800.2,18837.7,18837.7,43403978910
2022-09-07,18837.7,19427.2,18644.5,19290.3,19290.3,35239757134
2022-09-08,19289.9,19417.4,19076.7,19329.8,19329.8,32194477850
2022-09-09,19328.1,21439.4,19311.0,21381.2,21381.2,48469528171
2022-09-10,21376.9,21760.3,21168.7,21680.5,21680.5,36913738894
2022-09-11,21678.5,21770.6,21406.9,21769.3,21769.3,34493951963
2022-09-12,21770.1,22439.2,21603.9,22370.4,22370.4,50212088965
2022-09-13,22371.5,22673.8,20062.7,20296.7,20296.7,51091116622
2022-09-14,20184.6,20467.2,19793.4,20241.1,20241.1,37872380889
2022-09-15,20242.3,20318.2,19636.7,19701.2,19701.2,36389011503
2022-09-16,19704.0,19870.6,19400.1,19772.6,19772.6,30123362273
2022-09-17,19777.0,20162.5,19777.0,20127.6,20127.6,24957448100
2022-09-18,20127.2,20127.2,19387.5,19419.5,19419.5,31254779144
2022-09-19,19418.6,19639.5,18390.3,19544.1,19544.1,40177002624
2022-09-20,19545.6,19602.5,18813.5,18890.8,18890.8,36791346508
2022-09-21,18891.3,19674.6,18290.3,18547.4,18547.4,46363793975
2022-09-22,18534.7,19456.9,18415.6,19413.6,19413.6,41135767926
2022-09-23,19412.4,19464.7,18617.6,19297.6,19297.6,38896078052
2022-09-24,19297.0,19310.2,18862.0,18937.0,18937.0,26149643168
2022-09-25,18936.3,19134.7,18696.5,18802.1,18802.1,23359966112
2022-09-26,18803.9,19274.9,18721.3,19222.7,19222.7,44148798321
2022-09-27,19221.8,20338.5,18915.7,19110.5,19110.5,58571439619
2022-09-28,19104.6,19688.3,18553.3,19426.7,19426.7,53071298734
2022-09-29,19427.8,19589.3,18924.4,19573.1,19573.1,41037843771
2022-09-30,19573.4,20109.8,19265.7,19431.8,19431.8,43975248085
2022-10-01,19431.1,19471.2,19231.1,19312.1,19312.1,18719537670
2022-10-02,19311.8,19370.3,18970.6,19044.1,19044.1,20765955327
2022-10-03,19044.1,19653.5,19025.2,19623.6,19623.6,30484729489
2022-10-04,19623.6,20380.3,19523.8,20336.8,20336.8,35887278685
2022-10-05,20335.9,20343.7,19801.8,20160.7,20160.7,33223790572
2022-10-06,20161.0,20408.4,19900.1,19955.4,19955.4,34711412966
2022-10-07,19957.6,20041.1,19395.8,19546.8,19546.8,29227315390
2022-10-08,19546.3,19601.7,19299.4,19416.6,19416.6,16437423167
2022-10-09,19417.5,19542.5,19349.3,19446.4,19446.4,16837262532
2022-10-10,19446.4,19515.5,19103.0,19141.5,19141.5,27425022774
2022-10-11,19139.0,19242.0,18925.6,19051.4,19051.4,28711532910
2022-10-12,19052.6,19203.2,19029.8,19157.4,19157.4,24950173846
2022-10-13,19157.0,19453.3,18319.8,19382.9,19382.9,44219840004
2022-10-14,19382.5,19889.1,19115.4,19185.7,19185.7,38452356727
2022-10-15,19185.4,19212.5,19019.2,19067.6,19067.6,16192235532
2022-10-16,19068.9,19389.6,19068.9,19268.1,19268.1,17988916650
2022-10-17,19268.6,19635.8,19173.3,19550.8,19550.8,27472552998
2022-10-18,19550.5,19667.0,19144.8,19334.4,19334.4,30580012344
2022-10-19,19335.0,19348.4,19127.7,19139.5,19139.5,22425387184
2022-10-20,19138.1,19315.2,18971.5,19053.7,19053.7,24493974420
2022-10-21,19053.2,19237.4,18771.0,19172.5,19172.5,32459287866
2022-10-22,19172.4,19248.1,19132.2,19208.2,19208.2,16104440957
2022-10-23,19207.7,19646.7,19124.2,19567.0,19567.0,22128794335
2022-10-24,19567.8,19589.1,19206.3,19345.6,19345.6,30202235805
2022-10-25,19345.0,20348.4,19261.4,20095.9,20095.9,47761524910
2022-10-26,20092.2,20938.1,20076.1,20770.4,20770.4,58895950537
2022-10-27,20772.8,20854.0,20255.4,20285.8,20285.8,49625110402
2022-10-28,20288.0,20725.0,20086.1,20595.4,20595.4,43994715910
2022-10-29,20595.1,20988.4,20566.5,20818.5,20818.5,40369840645
2022-10-30,20818.0,20917.0,20547.5,20635.6,20635.6,31486345556
2022-10-31,20633.7,20795.3,20287.5,20495.8,20495.8,45668466815
2022-11-01,20494.9,20647.3,20359.8,20485.3,20485.3,39819303159
2022-11-02,20483.0,20742.8,20087.1,20159.5,20159.5,55552169483
2022-11-03,20162.7,20382.1,20086.2,20210.0,20210.0,43228750179
2022-11-04,20208.8,21209.6,20188.0,21147.2,21147.2,64072727950
2022-11-05,21144.8,21446.9,21097.6,21282.7,21282.7,37846047609
2022-11-06,21285.1,21345.4,20920.2,20926.5,20926.5,35082693210
2022-11-07,20924.6,21053.2,20490.0,20602.8,20602.8,53510852236
2022-11-08,20600.7,20664.6,17603.5,18541.3,18541.3,118992465607
2022-11-09,18543.8,18590.5,15682.7,15880.8,15880.8,102905151606
2022-11-10,15883.2,18054.3,15834.0,17586.8,17586.8,83202283721
2022-11-11,17583.3,17650.9,16543.5,17034.3,17034.3,55871616488
2022-11-12,17036.9,17066.7,16651.8,16799.2,16799.2,29717699419
2022-11-13,16799.7,16920.8,16320.6,16353.4,16353.4,27209183682
2022-11-14,16352.0,17109.3,15872.9,16618.2,16618.2,49630243054
2022-11-15,16617.5,17052.0,16542.6,16884.6,16884.6,36599436183
2022-11-16,16884.3,16960.3,16430.1,16669.4,16669.4,33925512989
2022-11-17,16670.4,16726.4,16460.7,16687.5,16687.5,27868914022
2022-11-18,16687.9,16947.1,16564.6,16697.8,16697.8,26862218609
2022-11-19,16696.2,16797.9,16570.4,16711.5,16711.5,16106223492
2022-11-20,16712.9,16746.8,16248.7,16291.8,16291.8,21313378652
2022-11-21,16291.2,16291.2,15599.0,15787.3,15787.3,37429485518
2022-11-22,15782.3,16253.0,15656.6,16189.8,16189.8,30726828760
2022-11-23,16195.6,16638.2,16170.5,16610.7,16610.7,32958875628
2022-11-24,16611.6,16771.5,16501.8,16604.5,16604.5,26129037414
2022-11-25,16602.3,16603.3,16388.4,16521.8,16521.8,18678255976
2022-11-26,16521.6,16666.9,16416.2,16464.3,16464.3,18000008764
2022-11-27,16463.9,16594.4,16437.0,16444.6,16444.6,20443898509
2022-11-28,16440.2,16482.9,16054.5,16217.3,16217.3,27743025156
2022-11-29,16217.6,16522.3,16139.4,16445.0,16445.0,23581685468
2022-11-30,16445.5,17190.9,16445.5,17168.6,17168.6,29523576583
2022-12-01,17168.0,17197.5,16888.4,16967.1,16967.1,22895392882
2022-12-02,16968.7,17088.7,16877.9,17088.7,17088.7,19539705127
2022-12-03,17090.1,17116.0,16888.1,16908.2,16908.2,16217776704
2022-12-04,16908.2,17157.8,16903.4,17130.5,17130.5,16824520830
2022-12-05,17128.9,17378.2,16922.4,16974.8,16974.8,22209086834
2022-12-06,16975.2,17091.9,16939.9,17089.5,17089.5,19889922369
2022-12-07,17089.5,17109.4,16750.6,16848.1,16848.1,19675404389
2022-12-08,16847.3,17267.9,16788.8,17233.5,17233.5,20496603770
2022-12-09,17232.1,17280.5,17100.8,17133.2,17133.2,20328426366
2022-12-10,17134.2,17216.8,17120.7,17128.7,17128.7,12706781969
2022-12-11,17129.7,17245.6,17091.8,17104.2,17104.2,14122486832
2022-12-12,17102.5,17212.6,16899.4,17206.4,17206.4,19617581341
2022-12-13,17206.4,17930.1,17111.8,17781.3,17781.3,26634741631
2022-12-14,17782.1,18318.5,17739.5,17815.7,17815.7,25534481470
2022-12-15,17813.6,17846.7,17322.6,17364.9,17364.9,20964448341
2022-12-16,17364.5,17505.5,16584.7,16647.5,16647.5,24031608960
2022-12-17,16647.0,16800.6,16614.0,16795.1,16795.1,14463581825
2022-12-18,16795.6,16815.4,16697.8,16758.0,16758.0,10924354698
2022-12-19,16759.0,16807.5,16398.1,16439.7,16439.7,17221074814
2022-12-20,16441.8,17013.0,16427.9,16906.3,16906.3,22722096615
2022-12-21,16904.5,16916.8,16755.9,16817.5,16817.5,14882945045
2022-12-22,16818.4,16866.7,16592.4,16830.3,16830.3,16441573050
2022-12-23,16829.6,16905.2,16794.5,16797.0,16797.0,15329265213
2022-12-24,16797.0,16864.7,16793.5,16847.8,16847.8,9744636213
2022-12-25,16847.5,16860.6,16755.3,16842.0,16842.0,11656379938
2022-12-26,16842.2,16920.1,16812.4,16919.8,16919.8,11886957804
2022-12-27,16919.3,16959.8,16642.1,16717.2,16717.2,15748580239
2022-12-28,16716.4,16768.2,16497.6,16552.6,16552.6,17005713920
2022-12-29,16552.3,16651.8,16508.7,16642.3,16642.3,14472237479
2022-12-30,16641.3,16643.4,16408.5,16602.6,16602.6,15929162910
2022-12-31,16603.7,16629.0,16517.5,16547.5,16547.5,11239186456
2023-01-01,16547.9,16630.4,16521.2,16625.1,16625.1,9244361700
2023-01-02,16625.5,16759.3,16572.2,16688.5,16688.5,12097775227
2023-01-03,16688.8,16760.4,16622.4,16679.9,16679.9,13903079207
2023-01-04,16680.2,16964.6,16667.8,16863.2,16863.2,18421743322
2023-01-05,16863.5,16884.0,16790.3,16836.7,16836.7,13692758566
2023-01-06,16836.5,16992.0,16716.4,16952.0,16952.0,14413662913
2023-01-07,16952.1,16975.0,16914.2,16955.1,16955.1,7714767174
2023-01-08,16954.1,17091.1,16924.1,17091.1,17091.1,9768827914
2023-01-09,17094.0,17390.0,17094.0,17196.6,17196.6,18624736866
2023-01-10,17192.9,17484.7,17163.0,17446.3,17446.3,15808338949
2023-01-11,17446.4,17934.9,17338.0,17934.9,17934.9,18372283782
2023-01-12,18117.6,19030.1,17995.2,18869.6,18869.6,34971338710
2023-01-13,18868.9,19964.3,18753.2,19909.6,19909.6,29225029694
2023-01-14,19910.5,21075.1,19907.8,20976.3,20976.3,38967784639
2023-01-15,20977.5,20993.7,20607.0,20880.8,20880.8,19298407543
2023-01-16,20882.2,21360.9,20715.7,21169.6,21169.6,26792494050
2023-01-17,21175.8,21438.7,20978.5,21161.5,21161.5,24999983362
2023-01-18,21161.1,21564.5,20541.5,20688.8,20688.8,30005625418
2023-01-19,20686.7,21163.0,20685.4,21086.8,21086.8,21152848261
2023-01-20,21085.4,22692.4,20919.1,22676.6,22676.6,28799154319
2023-01-21,22677.4,23282.3,22511.8,22777.6,22777.6,32442278429
2023-01-22,22778.0,23056.7,22387.9,22720.4,22720.4,24746386230
2023-01-23,22721.1,23126.5,22654.3,22934.4,22934.4,26518700512
2023-01-24,22929.6,23134.0,22549.7,22636.5,22636.5,26405069715
2023-01-25,22639.3,23722.1,22406.1,23117.9,23117.9,30685366709
2023-01-26,23109.0,23237.1,22911.4,23032.8,23032.8,26357839322
2023-01-27,23030.7,23417.7,22654.6,23078.7,23078.7,25383335641
2023-01-28,23080.0,23165.9,22908.8,23031.1,23031.1,14712928379
2023-01-29,23031.4,23919.9,22985.1,23774.6,23774.6,27423687259
2023-01-30,23774.6,23789.3,22657.6,22840.1,22840.1,27205595568
2023-01-31,22840.8,23225.0,22765.6,23139.3,23139.3,22837828665
2023-02-01,23137.8,23764.5,22877.8,23723.8,23723.8,26683255504
2023-02-02,23720.8,24167.2,23468.6,23471.9,23471.9,32066936882
2023-02-03,23469.4,23678.1,23280.0,23449.3,23449.3,27083066007
2023-02-04,23446.3,23556.9,23291.8,23331.8,23331.8,15639298538
2023-02-05,23332.2,23423.4,22841.8,22955.7,22955.7,19564262605
2023-02-06,22954.0,23119.3,22692.0,22760.1,22760.1,23825006542
2023-02-07,22757.3,23311.0,22756.3,23264.3,23264.3,27187964471
2023-02-08,23263.4,23368.0,22731.1,22939.4,22939.4,25371367758
2023-02-09,22946.6,22996.4,21774.0,21819.0,21819.0,32572572185
2023-02-10,21819.0,21941.2,21539.4,21651.2,21651.2,27078406594
2023-02-11,21651.8,21891.4,21618.4,21870.9,21870.9,16356226232
2023-02-12,21870.9,22061.0,21682.8,21788.2,21788.2,17821046406
2023-02-13,21787.0,21898.4,21460.1,21808.1,21808.1,23918742607
2023-02-14,21801.8,22293.1,21632.4,22220.8,22220.8,26792596581
2023-02-15,22220.6,24307.8,22082.8,24307.8,24307.8,32483312909
2023-02-16,24307.3,25134.1,23602.5,23623.5,23623.5,39316664596
2023-02-17,23621.3,24924.0,23460.8,24565.6,24565.6,41358451255
2023-02-18,24565.3,24798.8,24468.4,24641.3,24641.3,19625427158
2023-02-19,24640.0,25093.1,24327.6,24327.6,24327.6,25555105670
2023-02-20,24336.6,25020.5,23927.9,24829.1,24829.1,28987376573
2023-02-21,24833.0,25126.9,24200.4,24436.4,24436.4,31252098714
2023-02-22,24437.4,24472.3,23644.3,24188.8,24188.8,30199996781
2023-02-23,24190.7,24572.1,23693.9,23947.5,23947.5,30476264066
2023-02-24,23946.0,24103.7,23007.1,23198.1,23198.1,26811744928
2023-02-25,23200.1,23210.2,22861.6,23175.4,23175.4,16100721565
2023-02-26,23174.2,23654.4,23084.2,23561.2,23561.2,16644534842
2023-02-27,23561.5,23857.9,23205.9,23522.9,23522.9,22660763494
2023-02-28,23521.8,23585.4,23077.7,23147.4,23147.4,20535363434
2023-03-01,23150.9,23880.6,23088.6,23646.6,23646.6,24662841200
2023-03-02,23647.0,23739.1,23245.0,23475.5,23475.5,20386398516
2023-03-03,23476.6,23479.3,22213.2,22362.7,22362.7,26062404610
2023-03-04,22362.9,22405.2,22199.0,22353.3,22353.3,11166012913
2023-03-05,22354.1,22613.7,22307.1,22435.5,22435.5,13317001733
2023-03-06,22436.8,22584.3,22331.3,22429.8,22429.8,17353192895
2023-03-07,22428.3,22527.4,22011.3,22219.8,22219.8,22765452204
2023-03-08,22216.4,22268.9,21708.1,21718.1,21718.1,22536575684
2023-03-09,21720.1,21802.7,20210.3,20363.0,20363.0,30364664171
2023-03-10,20367.0,20370.6,19628.3,20187.2,20187.2,39578257695
2023-03-11,20187.9,20792.5,20068.7,20632.4,20632.4,30180288176
2023-03-12,20628.0,22185.0,20448.8,22163.9,22163.9,29279035521
2023-03-13,22156.4,24550.8,21918.2,24197.5,24197.5,49466362688
2023-03-14,24201.8,26514.7,24081.2,24746.1,24746.1,54622230164
2023-03-15,24770.9,25240.6,23964.9,24376.0,24376.0,43655701450
2023-03-16,24373.5,25190.3,24225.1,25052.8,25052.8,33866061747
2023-03-17,25055.1,27787.8,24955.2,27423.9,27423.9,50730261335
2023-03-18,27448.1,27726.0,26636.3,26965.9,26965.9,35723036817
2023-03-19,26969.5,28440.6,26907.7,28038.7,28038.7,37769448859
2023-03-20,28041.6,28527.7,27242.9,27767.2,27767.2,44774027664
2023-03-21,27768.4,28439.6,27439.6,28175.8,28175.8,36102192830
2023-03-22,28158.7,28803.3,26760.0,27307.4,27307.4,33382021890
2023-03-23,27302.0,28729.8,27183.4,28334.0,28334.0,24220433689
2023-03-24,28324.1,28388.4,27039.3,27493.3,27493.3,25980310960
2023-03-25,27487.3,27791.8,27196.2,27494.7,27494.7,13383005987
2023-03-26,27495.5,28178.1,27445.0,27994.3,27994.3,13878363192
2023-03-27,27994.1,28037.9,26606.7,27139.9,27139.9,18188895178
2023-03-28,27132.9,27460.7,26677.8,27268.1,27268.1,17783600385
2023-03-29,27267.0,28619.5,27259.7,28348.4,28348.4,20684945906
2023-03-30,28350.1,29159.9,27720.2,28033.6,28033.6,22435349951
2023-03-31,28032.3,28639.9,27583.7,28478.5,28478.5,19001327598
2023-04-01,28473.3,28802.5,28297.2,28411.0,28411.0,10876469901
2023-04-02,28462.8,28519.0,27884.1,28199.3,28199.3,12284641999
2023-04-03,28183.1,28475.6,27276.7,27790.2,27790.2,19556501327
2023-04-04,27795.3,28433.7,27681.3,28168.1,28168.1,15284538859
2023-04-05,28169.7,28739.2,27843.8,28178.0,28178.0,17052315986
2023-04-06,28175.2,28178.4,27738.8,28044.1,28044.1,13837809380
2023-04-07,28039.0,28111.6,27794.0,27925.9,27925.9,10861680497
2023-04-08,27920.5,28159.9,27883.4,27947.8,27947.8,9373255556
2023-04-09,27952.4,28532.8,27828.5,28333.1,28333.1,12175322951
2023-04-10,28336.0,29771.5,28189.3,29653.0,29653.0,19282400094
2023-04-11,29653.7,30509.1,29609.3,30235.1,30235.1,20121259843
2023-04-12,30231.6,30462.5,29725.6,30139.1,30139.1,18651929926
2023-04-13,29892.7,30539.8,29878.6,30399.1,30399.1,17487721001
2023-04-14,30409.6,31005.6,30044.5,30485.7,30485.7,22659995079
2023-04-15,30490.8,30601.7,30245.9,30318.5,30318.5,11940685378
2023-04-16,30316.0,30555.5,30157.8,30315.4,30315.4,12854816417
2023-04-17,30317.1,30319.2,29275.4,29445.0,29445.0,17872186762
2023-04-18,29449.1,30470.3,29154.8,30397.6,30397.6,19480529496
2023-04-19,30394.2,30411.1,28669.9,28822.7,28822.7,24571565421
2023-04-20,28823.7,29076.4,28037.3,28246.0,28246.0,21340360360
2023-04-21,28249.2,28350.0,27177.4,27276.9,27276.9,20759504330
2023-04-22,27265.9,27872.1,27169.6,27817.5,27817.5,13125734602
2023-04-23,27816.1,27820.2,27400.3,27591.4,27591.4,12785446832
2023-04-24,27591.7,27980.0,27070.8,27525.3,27525.3,17703288330
2023-04-25,27514.9,28371.1,27207.9,28307.6,28307.6,17733373139
2023-04-26,28300.1,29995.8,27324.5,28422.7,28422.7,31854242019
2023-04-27,28428.5,29871.5,28402.9,29473.8,29473.8,27153445027
2023-04-28,29481.0,29572.8,28929.6,29340.3,29340.3,17544464887
2023-04-29,29336.6,29452.5,29088.0,29248.5,29248.5,10662634333
2023-04-30,29245.5,29952.0,29114.0,29268.8,29268.8,14652199272
2023-05-01,29227.1,29329.9,27680.8,28091.6,28091.6,18655599976
2023-05-02,28087.2,28881.3,27924.1,28680.5,28680.5,16432924527
2023-05-03,28680.5,29259.5,28178.4,29006.3,29006.3,19122972518
2023-05-04,29031.3,29353.2,28694.0,28847.7,28847.7,15548678514
2023-05-05,28851.5,29668.9,28845.5,29534.4,29534.4,17936566518
2023-05-06,29538.9,29820.1,28469.0,28904.6,28904.6,15913866714
2023-05-07,28901.6,29157.5,28441.4,28455.0,28455.0,11301355486
2023-05-08,28450.5,28663.3,27310.1,27694.3,27694.3,19122903752
2023-05-09,27695.1,27821.4,27375.6,27658.8,27658.8,14128593256
2023-05-10,27654.6,28322.7,26883.7,27621.8,27621.8,20656025026
2023-05-11,27621.1,27621.9,26781.8,27000.8,27000.8,16724343943
2023-05-12,26987.7,27055.6,25878.4,26805.0,26805.0,19313599897
2023-05-13,26807.8,27030.5,26710.9,26784.1,26784.1,9999171605
2023-05-14,26789.0,27151.0,26661.4,26930.6,26930.6,10014858959
2023-05-15,26931.4,27646.3,26766.1,27192.7,27192.7,14413231792
2023-05-16,27171.5,27299.3,26878.9,27036.7,27036.7,12732238816
2023-05-17,27035.5,27465.9,26600.1,27398.8,27398.8,15140006925
2023-05-18,27401.7,27466.5,26415.1,26832.2,26832.2,15222938600
2023-05-19,26826.8,27128.6,26700.2,26890.1,26890.1,11258983301
2023-05-20,26888.8,27155.2,26843.3,27129.6,27129.6,7044911360
2023-05-21,27118.4,27265.9,26706.9,26753.8,26753.8,8647416921
2023-05-22,26749.9,27045.7,26549.7,26851.3,26851.3,11056770492
2023-05-23,26856.0,27434.7,26816.2,27225.7,27225.7,13697203143
2023-05-24,27224.6,27224.6,26106.6,26334.8,26334.8,16299104428
2023-05-25,26329.5,26591.5,25890.6,26476.2,26476.2,13851122697
2023-05-26,26474.2,26916.7,26343.9,26719.3,26719.3,12711619225
2023-05-27,26720.2,26888.9,26621.1,26868.4,26868.4,7892015141
2023-05-28,26871.2,28193.4,26802.8,28085.6,28085.6,14545229578
2023-05-29,28075.6,28432.0,27563.9,27745.9,27745.9,15181308984
2023-05-30,27745.1,28044.8,27588.5,27702.3,27702.3,13251081851
2023-05-31,27700.5,27831.7,26866.5,27219.7,27219.7,15656371534
2023-06-01,27218.4,27346.1,26671.7,26820.0,26820.0,14678970415
2023-06-02,26824.6,27303.9,26574.6,27249.6,27249.6,14837415000
2023-06-03,27252.3,27317.1,26958.0,27075.1,27075.1,8385597470
2023-06-04,27075.1,27407.0,26968.2,27119.1,27119.1,9360912318
2023-06-05,27123.1,27130.0,25445.2,25760.1,25760.1,21513292646
2023-06-06,25732.1,27313.8,25434.9,27238.8,27238.8,21929670693
2023-06-07,27235.7,27332.2,26147.0,26346.0,26346.0,19530045082
2023-06-08,26347.7,26797.5,26246.7,26508.2,26508.2,11904824295
2023-06-09,26505.9,26770.3,26339.3,26480.4,26480.4,11015551640
2023-06-10,26481.8,26531.0,25501.8,25851.2,25851.2,19872933189
2023-06-11,25854.0,26203.4,25669.0,25940.2,25940.2,10732609603
2023-06-12,25934.3,26087.9,25675.2,25902.5,25902.5,11677889997
2023-06-13,25902.9,26376.4,25728.4,25918.7,25918.7,14143474486
2023-06-14,25920.3,26041.8,24902.2,25124.7,25124.7,14265717766
2023-06-15,25121.7,25735.3,24797.2,25576.4,25576.4,15837384409
2023-06-16,25575.3,26463.2,25245.4,26327.5,26327.5,16324646965
2023-06-17,26328.7,26769.4,26174.5,26510.7,26510.7,11090276850
2023-06-18,26510.5,26675.9,26325.9,26336.2,26336.2,9565695129
2023-06-19,26335.4,26984.6,26312.8,26851.0,26851.0,12826986222
2023-06-20,26841.7,28389.0,26668.8,28327.5,28327.5,22211859147
2023-06-21,28311.3,30737.3,28283.4,30027.3,30027.3,33346760979
2023-06-22,29995.9,30496.0,29679.2,29912.3,29912.3,20653160491
2023-06-23,29896.4,31389.5,29845.2,30695.5,30695.5,24115570085
2023-06-24,30708.7,30804.1,30290.1,30548.7,30548.7,12147822496
2023-06-25,30545.2,31041.3,30327.9,30480.3,30480.3,12703464114
2023-06-26,30480.5,30636.0,29955.7,30271.1,30271.1,16493186997
2023-06-27,30274.3,31006.8,30236.7,30688.2,30688.2,16428827944
2023-06-28,30696.6,30703.3,29921.8,30086.2,30086.2,14571500779
2023-06-29,30086.2,30796.2,30057.2,30445.4,30445.4,13180860821
2023-06-30,30441.4,31256.9,29600.3,30477.3,30477.3,26387306197
2023-07-01,30471.8,30641.3,30328.9,30590.1,30590.1,9086606733
2023-07-02,30587.3,30766.1,30264.0,30620.8,30620.8,10533418042
2023-07-03,30624.5,31375.6,30586.5,31156.4,31156.4,15271884873
2023-07-04,31156.9,31325.2,30659.4,30777.6,30777.6,12810828427
2023-07-05,30778.7,30877.3,30225.6,30514.2,30514.2,12481622280
2023-07-06,30507.2,31460.1,29892.2,29909.3,29909.3,21129219509
2023-07-07,29908.0,30434.6,29777.3,30342.3,30342.3,13384770155
2023-07-08,30346.9,30374.4,30080.2,30292.5,30292.5,7509378699
2023-07-09,30291.6,30427.6,30085.6,30171.2,30171.2,7903327692
2023-07-10,30172.4,31026.1,29985.4,30414.5,30414.5,14828209155
2023-07-11,30417.6,30788.3,30358.1,30621.0,30621.0,12151839152
2023-07-12,30622.2,30960.0,30228.8,30391.6,30391.6,14805659717
2023-07-13,30387.5,31814.5,30268.4,31476.0,31476.0,23686079548
2023-07-14,31474.7,31582.3,29966.4,30334.1,30334.1,20917902660
2023-07-15,30331.8,30407.8,30263.5,30295.8,30295.8,8011667756
2023-07-16,30297.5,30437.6,30089.7,30249.1,30249.1,8516564470
2023-07-17,30249.6,30336.4,29685.8,30145.9,30145.9,13240156074
2023-07-18,30147.1,30233.7,29556.4,29856.6,29856.6,13138897269
2023-07-19,29862.0,30184.2,29794.3,29913.9,29913.9,12128602812
2023-07-20,29915.2,30195.5,29638.1,29792.0,29792.0,14655207121
2023-07-21,29805.1,30046.0,29733.9,29908.7,29908.7,10972789818
2023-07-22,29908.7,29991.6,29664.1,29771.8,29771.8,7873300598
2023-07-23,29790.1,30330.6,29741.5,30084.5,30084.5,9220145050
2023-07-24,30081.7,30093.4,28934.3,29176.9,29176.9,15395817395
2023-07-25,29179.0,29353.2,29062.4,29227.4,29227.4,10266772793
2023-07-26,29225.8,29675.6,29113.9,29355.0,29355.0,13497554655
2023-07-27,29353.8,29561.0,29099.4,29210.7,29210.7,10770779217
2023-07-28,29212.2,29521.5,29125.8,29319.2,29319.2,11218474952
2023-07-29,29319.4,29396.8,29264.2,29356.9,29356.9,6481775959
2023-07-30,29357.1,29443.2,29059.5,29275.3,29275.3,8678454527
2023-07-31,29278.3,29489.9,29131.6,29230.1,29230.1,11656781982
2023-08-01,29230.9,29675.7,28657.0,29675.7,29675.7,18272392391
2023-08-02,29704.1,29988.0,28946.5,29152.0,29152.0,19212655598
2023-08-03,29161.8,29375.7,28959.5,29178.7,29178.7,12780357746
2023-08-04,29174.4,29302.1,28885.3,29074.1,29074.1,12036639988
2023-08-05,29075.4,29102.5,28957.8,29042.1,29042.1,6598366353
2023-08-06,29043.7,29160.8,28963.8,29041.9,29041.9,7269806994
2023-08-07,29038.5,29244.3,28724.1,29180.6,29180.6,13618163710
2023-08-08,29180.0,30176.8,29113.8,29765.5,29765.5,17570561357
2023-08-09,29766.7,30093.4,29376.8,29561.5,29561.5,18379521213
2023-08-10,29564.0,29688.6,29354.4,29429.6,29429.6,11865344789
2023-08-11,29424.9,29517.8,29253.5,29397.7,29397.7,10195168197
2023-08-12,29399.8,29465.1,29357.6,29416.0,29416.0,6194358008
2023-08-13,29416.6,29441.4,29265.8,29282.9,29282.9,7329897180
2023-08-14,29283.3,29660.3,29124.1,29408.4,29408.4,14013695304
2023-08-15,29408.0,29439.1,29088.9,29170.3,29170.3,12640195779
2023-08-16,29169.1,29222.0,28701.8,28701.8,28701.8,14949271904
2023-08-17,28699.8,28745.9,25409.1,26664.6,26664.6,31120851211
2023-08-18,26636.1,26808.2,25668.9,26049.6,26049.6,24026236529
2023-08-19,26047.8,26249.4,25802.4,26096.2,26096.2,10631443812
2023-08-20,26096.9,26260.7,26004.3,26189.6,26189.6,9036580420
2023-08-21,26188.7,26220.2,25846.1,26124.1,26124.1,13371557893
2023-08-22,26130.7,26135.5,25520.7,26031.7,26031.7,14503820706
2023-08-23,26040.5,26786.9,25805.0,26431.6,26431.6,16985265785
2023-08-24,26431.5,26554.9,25914.9,26162.4,26162.4,12871532023
2023-08-25,26163.7,26248.1,25786.8,26047.7,26047.7,12406045118
2023-08-26,26047.2,26107.4,25983.9,26008.5,26008.5,6034817316
2023-08-27,26008.2,26165.4,25965.1,26089.7,26089.7,6913768611
2023-08-28,26089.6,26198.6,25880.6,26106.2,26106.2,11002805166
2023-08-29,26102.5,28089.3,25912.6,27727.4,27727.4,29368391712
2023-08-30,27726.1,27760.2,27069.2,27297.3,27297.3,16343655235
2023-08-31,27301.9,27456.1,25752.9,25931.5,25931.5,20181001451
2023-09-01,25934.0,26125.9,25362.6,25800.7,25800.7,17202862221
2023-09-02,25800.9,25970.3,25753.1,25868.8,25868.8,10100387473
2023-09-03,25869.5,26087.1,25817.0,25969.6,25969.6,8962524523
2023-09-04,25968.2,26081.5,25657.0,25812.4,25812.4,10680635106
2023-09-05,25815.0,25858.4,25590.0,25780.0,25780.0,11094740040
2023-09-06,25783.9,25953.0,25404.4,25753.2,25753.2,12752705327
2023-09-07,25748.3,26409.3,25608.2,26240.2,26240.2,11088307100
2023-09-08,26245.2,26414.0,25677.5,25905.7,25905.7,10817356400
2023-09-09,25905.4,25922.0,25810.5,25895.7,25895.7,5481314132
2023-09-10,25895.2,25978.1,25640.3,25832.2,25832.2,7899553047
2023-09-11,25831.7,25883.9,24930.3,25162.7,25162.7,14600006467
2023-09-12,25160.7,26451.9,25133.1,25833.3,25833.3,18657279324
2023-09-13,25837.6,26376.1,25781.1,26228.3,26228.3,13072077070
2023-09-14,26228.3,26774.6,26171.5,26539.7,26539.7,13811359124
2023-09-15,26533.8,26840.5,26240.7,26608.7,26608.7,11479735788
2023-09-16,26606.2,26754.8,26473.9,26568.3,26568.3,7402031417
2023-09-17,26567.9,26618.0,26445.1,26534.2,26534.2,6774210670
2023-09-18,26533.0,27414.7,26415.5,26754.3,26754.3,15615339655
2023-09-19,26760.9,27488.8,26681.6,27211.1,27211.1,13807690550
2023-09-20,27210.2,27379.5,26864.1,27132.0,27132.0,13281116604
2023-09-21,27129.8,27152.9,26389.3,26567.6,26567.6,13371443708
2023-09-22,26564.1,26726.1,26495.5,26579.6,26579.6,10578746709
2023-09-23,26578.6,26634.2,26520.5,26579.4,26579.4,7404700301
2023-09-24,26579.4,26716.1,26221.1,26256.8,26256.8,8192867686
2023-09-25,26253.8,26421.5,26011.5,26298.5,26298.5,11997833257
2023-09-26,26294.8,26389.9,26090.7,26217.2,26217.2,9985498161
2023-09-27,26209.5,26817.8,26111.5,26352.7,26352.7,11718380997
2023-09-28,26355.8,27259.5,26327.3,27021.5,27021.5,14079002707
2023-09-29,27024.8,27225.9,26721.8,26911.7,26911.7,10396435377
2023-09-30,26911.7,27091.8,26889.0,26967.9,26967.9,5331172801
2023-10-01,26967.4,28047.2,26965.1,27983.8,27983.8,9503917434
2023-10-02,27976.8,28494.5,27347.8,27530.8,27530.8,19793041322
2023-10-03,27508.3,27667.2,27216.0,27430.0,27430.0,11407814187
2023-10-04,27429.1,27826.7,27248.1,27799.4,27799.4,11143355314
2023-10-05,27798.6,28091.9,27375.6,27415.9,27415.9,11877253670
2023-10-06,27412.1,28252.5,27215.6,27946.6,27946.6,13492391599
2023-10-07,27946.8,28028.1,27870.4,27968.8,27968.8,6553044316
2023-10-08,27971.7,28102.2,27740.7,27935.1,27935.1,7916875290
2023-10-09,27934.5,27989.5,27302.6,27583.7,27583.7,12007668568
2023-10-10,27589.2,27715.8,27301.7,27391.0,27391.0,9973350678
2023-10-11,27392.1,27474.1,26561.1,26873.3,26873.3,13648094333
2023-10-12,26873.3,26921.4,26558.3,26756.8,26756.8,9392909295
2023-10-13,26752.9,27092.7,26686.3,26862.4,26862.4,15165312851
2023-10-14,26866.2,26969.0,26814.6,26861.7,26861.7,5388116782
2023-10-15,26858.0,27289.2,26817.9,27159.7,27159.7,7098201980
2023-10-16,27162.6,29448.1,27130.5,28519.5,28519.5,27833876539
2023-10-17,28522.1,28618.8,28110.2,28415.7,28415.7,14872527508
2023-10-18,28413.5,28889.0,28174.3,28328.3,28328.3,12724128586
2023-10-19,28332.4,28892.5,28178.0,28719.8,28719.8,14448058195
2023-10-20,28732.8,30104.1,28601.7,29682.9,29682.9,21536125230
2023-10-21,29683.4,30287.5,29481.8,29918.4,29918.4,11541146996
2023-10-22,29918.7,30199.4,29720.3,29993.9,29993.9,10446520040
2023-10-23,30140.7,34370.4,30097.8,33086.2,33086.2,38363572311
2023-10-24,33077.3,35150.4,32880.8,33901.5,33901.5,44934999645
2023-10-25,33916.0,35133.8,33709.1,34502.8,34502.8,25254318008
2023-10-26,34504.3,34832.9,33762.3,34156.6,34156.6,19427195376
2023-10-27,34156.5,34238.2,33416.9,33909.8,33909.8,16418032871
2023-10-28,33907.7,34399.4,33874.8,34089.6,34089.6,10160330825
2023-10-29,34089.4,34743.3,33947.6,34538.5,34538.5,11160323986
2023-10-30,34531.7,34843.9,34111.0,34502.4,34502.4,17184860315
2023-10-31,34500.1,34719.3,34083.3,34667.8,34667.8,15758270810
2023-11-01,34657.3,35527.9,34170.7,35437.3,35437.3,22446272005
2023-11-02,35441.6,35919.8,34401.6,34938.2,34938.2,20998158544
2023-11-03,34942.5,34942.5,34133.4,34732.3,34732.3,17158456701
2023-11-04,34736.3,35256.0,34616.7,35082.2,35082.2,9561294264
2023-11-05,35090.0,35340.3,34594.2,35049.4,35049.4,12412743996
2023-11-06,35044.8,35286.0,34765.4,35037.4,35037.4,12693436420
2023-11-07,35047.8,35892.4,34545.8,35443.6,35443.6,18834737789
2023-11-08,35419.5,35994.4,35147.8,35655.3,35655.3,17295394918
2023-11-09,35633.6,37926.3,35592.1,36693.1,36693.1,37762672382
2023-11-10,36702.2,37493.8,36362.8,37314.0,37314.0,22711265155
2023-11-11,37310.1,37407.1,36773.7,37138.1,37138.1,13924272142
2023-11-12,37134.0,37227.7,36779.1,37054.5,37054.5,11545715999
2023-11-13,37070.3,37405.1,36399.6,36502.4,36502.4,19057712790
2023-11-14,36491.8,36753.4,34948.5,35537.6,35537.6,23857403554
2023-11-15,35548.1,37964.9,35383.8,37880.6,37880.6,27365821679
2023-11-16,37880.0,37934.6,35545.5,36154.8,36154.8,26007385366
2023-11-17,36164.8,36704.5,35901.2,36596.7,36596.7,22445028430
2023-11-18,36625.4,36839.3,36233.3,36585.7,36585.7,11886022717
2023-11-19,36585.8,37509.4,36414.6,37386.5,37386.5,12915986553
2023-11-20,37374.1,37756.8,36882.5,37477.0,37477.0,20888209068
2023-11-21,37469.2,37631.1,35813.8,35813.8,35813.8,25172163756
2023-11-22,35756.6,37857.0,35671.0,37432.3,37432.3,24397247860
2023-11-23,37420.4,37643.9,36923.9,37289.6,37289.6,14214948217
2023-11-24,37296.3,38415.3,37261.6,37720.3,37720.3,22922957823
2023-11-25,37721.4,37892.4,37617.4,37796.8,37796.8,9099571165
2023-11-26,37796.8,37820.3,37162.8,37479.1,37479.1,13744796068
2023-11-27,37454.2,37559.4,36750.1,37254.2,37254.2,19002925720
2023-11-28,37248.0,38368.5,36891.1,37831.1,37831.1,21696137014
2023-11-29,37826.1,38366.1,37612.6,37858.5,37858.5,20728546658
2023-11-30,37861.1,38141.8,37531.1,37712.7,37712.7,18115982627
2023-12-01,37718.0,38954.1,37629.4,38688.8,38688.8,23512784002
2023-12-02,38689.3,39678.9,38652.6,39476.3,39476.3,15534035612
2023-12-03,39472.2,40135.6,39298.2,39978.4,39978.4,15769696322
2023-12-04,39978.6,42371.8,39978.6,41980.1,41980.1,39856129827
2023-12-05,41986.3,44408.7,41421.1,44080.6,44080.6,36312154535
2023-12-06,44080.0,44265.8,43478.1,43746.4,43746.4,29909761586
2023-12-07,43769.1,44042.6,42880.6,43292.7,43292.7,27635760671
2023-12-08,43293.1,44705.5,43125.3,44166.6,44166.6,24421116687
2023-12-09,44180.0,44361.3,43627.6,43726.0,43726.0,17368210171
2023-12-10,43728.4,44034.6,43593.3,43779.7,43779.7,13000481418
2023-12-11,43792.0,43808.4,40234.6,41243.8,41243.8,40632672038
2023-12-12,41238.7,42048.3,40667.6,41450.2,41450.2,24779520132
2023-12-13,41468.5,43429.8,40676.9,42890.7,42890.7,26797884674
2023-12-14,42884.3,43390.9,41767.1,43024.0,43024.0,25578530178
2023-12-15,43028.2,43087.8,41693.0,41929.8,41929.8,19639442462
2023-12-16,41937.7,42664.9,41723.1,42240.1,42240.1,14386729590
2023-12-17,42236.1,42359.5,41274.5,41364.7,41364.7,16678702876
2023-12-18,41348.2,42720.3,40530.3,42623.5,42623.5,25224642008
2023-12-19,42641.5,43354.3,41826.3,42270.5,42270.5,23171001281
2023-12-20,42261.3,44275.6,42223.8,43652.2,43652.2,27868908174
2023-12-21,43648.1,44240.7,43330.1,43869.2,43869.2,22452766169
2023-12-22,43869.0,44368.0,43442.0,43997.9,43997.9,21028503216
2023-12-23,44012.2,44015.7,43351.4,43739.5,43739.5,13507796558
2023-12-24,43728.4,43945.5,42786.9,43016.1,43016.1,18830554085
2023-12-25,43010.6,43765.1,42765.8,43613.1,43613.1,21115795370
2023-12-26,43599.8,43603.2,41676.5,42520.4,42520.4,30026850982
2023-12-27,42518.5,43683.2,42167.6,43442.9,43442.9,25260941032
2023-12-28,43468.2,43804.8,42318.6,42627.9,42627.9,22992093014
2023-12-29,42614.6,43124.3,41424.1,42099.4,42099.4,26000021055
2023-12-30,42091.8,42584.1,41556.2,42156.9,42156.9,16013925945
2023-12-31,42152.1,42860.9,41998.3,42265.2,42265.2,16397498810
